id,rank,title_cn,title_en,rating,rating_count,director,actors,summary,detail_url,release_year,runtime,genre,imdb_rating,poster_path,created_at
1,1,肖申克的救赎,The Shawshank Redemption,9.7,3285673,弗兰克·德拉邦特 Frank Darabont   主演: 蒂姆·罗宾斯 Tim Robbins /...,导演: 弗兰克·德拉邦特 Frank Darabont   蒂姆·罗宾斯 Tim Robbins /...,希望让人自由。,https://movie.douban.com/subject/1292052/,1994,142分钟,剧情 / 犯罪,1.0,C:\Users\项玉婷\Desktop\douban-movie-crawler-250\posters\001_肖申克的救赎.jpg,2026-05-13 14:52:19
2,2,霸王别姬,,9.6,2424174,陈凯歌 Kaige Chen   主演: 张国荣 Leslie Cheung / 张丰毅 Fengyi Zha...,导演: 陈凯歌 Kaige Chen   张国荣 Leslie Cheung / 张丰毅 Fengyi Zha...,风华绝代。,https://movie.douban.com/subject/1291546/,1993,171分钟,剧情 / 爱情 / 同性,2.0,C:\Users\项玉婷\Desktop\douban-movie-crawler-250\posters\002_霸王别姬.jpg,2026-05-13 14:52:19
3,3,泰坦尼克号,Titanic,9.5,2499477,詹姆斯·卡梅隆 James Cameron   主演: 莱昂纳多·迪卡普里奥 Leonardo...,导演: 詹姆斯·卡梅隆 James Cameron   莱昂纳多·迪卡普里奥 Leonardo...,失去的才是永恒的。,https://movie.douban.com/subject/1292722/,1998,194分钟,剧情 / 爱情 / 灾难,8.0,C:\Users\项玉婷\Desktop\douban-movie-crawler-250\posters\003_泰坦尼克号.jpg,2026-05-13 14:52:19
4,4,阿甘正传,Forrest Gump,9.5,2431196,罗伯特·泽米吉斯 Robert Zemeckis   主演: 汤姆·汉克斯 Tom Hanks / ...,导演: 罗伯特·泽米吉斯 Robert Zemeckis   汤姆·汉克斯 Tom Hanks / ...,一部美国近现代史。,https://movie.douban.com/subject/1292720/,1994,142分钟,剧情 / 爱情,0.0,C:\Users\项玉婷\Desktop\douban-movie-crawler-250\posters\004_阿甘正传.jpg,2026-05-13 14:52:19
5,5,千与千寻,千と千尋の神隠し,9.4,2537891,宫崎骏 Hayao Miyazaki   主演: 柊瑠美 Rumi Hîragi / 入野自由 Miy...,导演: 宫崎骏 Hayao Miyazaki   柊瑠美 Rumi Hîragi / 入野自由 Miy...,最好的宫崎骏，最好的久石让。,https://movie.douban.com/subject/1291561/,2019,125分钟,剧情 / 动画 / 奇幻,9.0,C:\Users\项玉婷\Desktop\douban-movie-crawler-250\posters\005_千与千寻.jpg,2026-05-13 14:52:19
6,6,美丽人生,La vita è bella,9.5,1482849,罗伯托·贝尼尼 Roberto Benigni   主演: 罗伯托·贝尼尼 Roberto Beni...,导演: 罗伯托·贝尼尼 Roberto Benigni   罗伯托·贝尼尼 Roberto Beni...,最美的谎言。,https://movie.douban.com/subject/1292063/,2020,116分钟(国际版),剧情 / 喜剧 / 爱情 / 战争,9.0,C:\Users\项玉婷\Desktop\douban-movie-crawler-250\posters\006_美丽人生.jpg,2026-05-13 14:52:19
7,7,星际穿越,Interstellar,9.4,2184816,克里斯托弗·诺兰 Christopher Nolan   主演: 马修·麦康纳 Matthew Mc...,导演: 克里斯托弗·诺兰 Christopher Nolan   马修·麦康纳 Matthew Mc...,爱是一种力量，让我们超越时空感知它的存在。,https://movie.douban.com/subject/1889243/,2014,169分钟,剧情 / 科幻 / 冒险,2.0,C:\Users\项玉婷\Desktop\douban-movie-crawler-250\posters\007_星际穿越.jpg,2026-05-13 14:52:19
8,8,这个杀手不太冷,Léon,9.4,2553116,吕克·贝松 Luc Besson   主演: 让·雷诺 Jean Reno / 娜塔莉·波特曼 ...,导演: 吕克·贝松 Luc Besson   让·雷诺 Jean Reno / 娜塔莉·波特曼 ...,怪蜀黍和小萝莉不得不说的故事。,https://movie.douban.com/subject/1295644/,2024,133分钟(中国大陆),剧情 / 动作 / 犯罪,3.0,C:\Users\项玉婷\Desktop\douban-movie-crawler-250\posters\008_这个杀手不太冷.jpg,2026-05-13 14:52:19
9,9,盗梦空间,Inception,9.4,2326335,克里斯托弗·诺兰 Christopher Nolan   主演: 莱昂纳多·迪卡普里奥 Le...,导演: 克里斯托弗·诺兰 Christopher Nolan   莱昂纳多·迪卡普里奥 Le...,诺兰给了我们一场无法盗取的梦。,https://movie.douban.com/subject/3541415/,2010,148分钟,剧情 / 科幻 / 悬疑 / 冒险,6.0,C:\Users\项玉婷\Desktop\douban-movie-crawler-250\posters\009_盗梦空间.jpg,2026-05-13 14:52:19
10,10,楚门的世界,The Truman Show,9.4,2020194,彼得·威尔 Peter Weir   主演: 金·凯瑞 Jim Carrey / 劳拉·琳妮 Lau...,导演: 彼得·威尔 Peter Weir   金·凯瑞 Jim Carrey / 劳拉·琳妮 Lau...,如果再也不能见到你，祝你早安，午安，晚安。,https://movie.douban.com/subject/1292064/,1998,103分钟,剧情 / 科幻,2.0,C:\Users\项玉婷\Desktop\douban-movie-crawler-250\posters\010_楚门的世界.jpg,2026-05-13 14:52:19
11,11,辛德勒的名单,Schindler's List,9.5,1247624,史蒂文·斯皮尔伯格 Steven Spielberg   主演: 连姆·尼森 Liam Neeson...,导演: 史蒂文·斯皮尔伯格 Steven Spielberg   连姆·尼森 Liam Neeson...,拯救一个人，就是拯救整个世界。,https://movie.douban.com/subject/1295124/,1993,195分钟,剧情 / 历史 / 战争,2.0,C:\Users\项玉婷\Desktop\douban-movie-crawler-250\posters\011_辛德勒的名单.jpg,2026-05-13 14:52:19
12,12,忠犬八公的故事,Hachi: A Dog's Tale,9.4,1543769,莱塞·霍尔斯道姆 Lasse Hallström   主演: 理查·基尔 Richard Ger...,导演: 莱塞·霍尔斯道姆 Lasse Hallström   理查·基尔 Richard Ger...,永远都不能忘记你所爱的人。,https://movie.douban.com/subject/3011091/,2009,93分钟,剧情,2.0,C:\Users\项玉婷\Desktop\douban-movie-crawler-250\posters\012_忠犬八公的故事.jpg,2026-05-13 14:52:19
13,13,海上钢琴师,La leggenda del pianista sull'oceano,9.3,1880213,朱塞佩·托纳多雷 Giuseppe Tornatore   主演: 蒂姆·罗斯 Tim Roth / ...,导演: 朱塞佩·托纳多雷 Giuseppe Tornatore   蒂姆·罗斯 Tim Roth / ...,每个人都要走一条自己坚定了的路，就算是粉身碎骨。,https://movie.douban.com/subject/1292001/,2019,120分钟(国际版),剧情 / 音乐,1.0,C:\Users\项玉婷\Desktop\douban-movie-crawler-250\posters\013_海上钢琴师.jpg,2026-05-13 14:52:19
14,14,疯狂动物城,Zootopia,9.3,2321183,拜伦·霍华德 Byron Howard / 瑞奇·摩尔 Rich Moore   主演: 金妮弗·...,导演: 拜伦·霍华德 Byron Howard / 瑞奇·摩尔 Rich Moore   金妮弗·...,迪士尼给我们营造的乌托邦就是这样，永远善良勇敢，永远出乎意料。,https://movie.douban.com/subject/25662329/,2016,109分钟(中国大陆),喜剧 / 动画 / 冒险,6.0,C:\Users\项玉婷\Desktop\douban-movie-crawler-250\posters\014_疯狂动物城.jpg,2026-05-13 14:52:19
15,15,三傻大闹宝莱坞,3 Idiots,9.2,2079297,拉库马·希拉尼 Rajkumar Hirani   主演: 阿米尔·汗 Aamir Khan / 卡...,导演: 拉库马·希拉尼 Rajkumar Hirani   阿米尔·汗 Aamir Khan / 卡...,英俊版憨豆，高情商版谢耳朵。,https://movie.douban.com/subject/3793023/,2011,171分钟(印度),剧情 / 喜剧 / 爱情 / 歌舞,3.0,C:\Users\项玉婷\Desktop\douban-movie-crawler-250\posters\015_三傻大闹宝莱坞.jpg,2026-05-13 14:52:19
16,16,机器人总动员,WALL·E,9.3,1494171,安德鲁·斯坦顿 Andrew Stanton   主演: 本·贝尔特 Ben Burtt / 艾丽...,导演: 安德鲁·斯坦顿 Andrew Stanton   本·贝尔特 Ben Burtt / 艾丽...,小瓦力，大人生。,https://movie.douban.com/subject/2131459/,2008,98分钟,科幻 / 动画 / 冒险,0.0,C:\Users\项玉婷\Desktop\douban-movie-crawler-250\posters\016_机器人总动员.jpg,2026-05-13 14:52:19
17,17,放牛班的春天,Les choristes,9.3,1474466,克里斯托夫·巴拉蒂 Christophe Barratier   主演: 让-巴蒂斯特·莫尼...,导演: 克里斯托夫·巴拉蒂 Christophe Barratier   让-巴蒂斯特·莫尼...,天籁一般的童声，是最接近上帝的存在。,https://movie.douban.com/subject/1291549/,2004,97分钟,剧情 / 音乐,4.0,C:\Users\项玉婷\Desktop\douban-movie-crawler-250\posters\017_放牛班的春天.jpg,2026-05-13 14:52:19
18,18,无间道,無間道,9.3,1566018,刘伟强 / 麦兆辉   主演: 刘德华 Andy Lau / 梁朝伟 Tony Leung Chiu W...,导演: 刘伟强 / 麦兆辉   刘德华 Andy Lau / 梁朝伟 Tony Leung Chiu W...,香港电影史上永不过时的杰作。,https://movie.douban.com/subject/1307914/,2003,101分钟,剧情 / 惊悚 / 犯罪,4.0,C:\Users\项玉婷\Desktop\douban-movie-crawler-250\posters\018_无间道.jpg,2026-05-13 14:52:19
19,19,控方证人,Witness for the Prosecution,9.6,744078,比利·怀尔德 Billy Wilder   主演: 泰隆·鲍华 Tyrone Power / 玛琳·...,导演: 比利·怀尔德 Billy Wilder   泰隆·鲍华 Tyrone Power / 玛琳·...,比利·怀德满分作品。,https://movie.douban.com/subject/1296141/,2025,116分钟,剧情 / 悬疑 / 惊悚 / 犯罪,1.0,C:\Users\项玉婷\Desktop\douban-movie-crawler-250\posters\019_控方证人.jpg,2026-05-13 14:52:19
20,20,寻梦环游记,Coco,9.1,1990603,李·昂克里奇 Lee Unkrich / 阿德里安·莫利纳 Adrian Molina   主演: ...,导演: 李·昂克里奇 Lee Unkrich / 阿德里安·莫利纳 Adrian Molina   ...,死亡不是真的逝去，遗忘才是永恒的消亡。,https://movie.douban.com/subject/20495023/,2017,105分钟,喜剧 / 动画 / 音乐 / 奇幻,7.0,C:\Users\项玉婷\Desktop\douban-movie-crawler-250\posters\020_寻梦环游记.jpg,2026-05-13 14:52:19
21,21,大话西游之大圣娶亲,西遊記大結局之仙履奇緣,9.2,1710335,刘镇伟 Jeffrey Lau   主演: 周星驰 Stephen Chow / 吴孟达 Man Tat Ng...,导演: 刘镇伟 Jeffrey Lau   周星驰 Stephen Chow / 吴孟达 Man Tat Ng...,一生所爱。,https://movie.douban.com/subject/1292213/,2014,95分钟,喜剧 / 爱情 / 奇幻 / 古装,6.0,C:\Users\项玉婷\Desktop\douban-movie-crawler-250\posters\021_大话西游之大圣娶亲.jpg,2026-05-13 14:52:19
22,22,熔炉,도가니,9.3,1036641,黄东赫 Dong-hyuk Hwang   主演: 孔侑 Yoo Gong / 郑有美 Yu-mi Jung /...,导演: 黄东赫 Dong-hyuk Hwang   孔侑 Yoo Gong / 郑有美 Yu-mi Jung /...,我们一路奋战不是为了改变世界，而是为了不让世界改变我们。,https://movie.douban.com/subject/5912992/,2011,125分钟,剧情,9.0,C:\Users\项玉婷\Desktop\douban-movie-crawler-250\posters\022_熔炉.jpg,2026-05-13 14:52:19
23,23,触不可及,Intouchables,9.3,1296725,奥利维·那卡什 Olivier Nakache / 艾力克·托兰达 Eric Toledano   主...,,满满温情的高雅喜剧。,https://movie.douban.com/subject/6786002/,2011,112分钟,剧情 / 喜剧,4.0,C:\Users\项玉婷\Desktop\douban-movie-crawler-250\posters\023_触不可及.jpg,2026-05-13 14:52:19
24,24,教父,The Godfather,9.3,1108071,弗朗西斯·福特·科波拉 Francis Ford Coppola   主演: 马龙·白兰度 M...,导演: 弗朗西斯·福特·科波拉 Francis Ford Coppola   马龙·白兰度 M...,千万不要记恨你的对手，这样会让你失去理智。,https://movie.douban.com/subject/1291841/,1972,175 分钟,剧情 / 犯罪,6.0,C:\Users\项玉婷\Desktop\douban-movie-crawler-250\posters\024_教父.jpg,2026-05-13 14:52:19
25,25,末代皇帝,The Last Emperor,9.3,1029737,贝纳尔多·贝托鲁奇 Bernardo Bertolucci   主演: 尊龙 John Lone / 陈...,导演: 贝纳尔多·贝托鲁奇 Bernardo Bertolucci   尊龙 John Lone / 陈...,“不要跟我比惨，我比你更惨”再适合这部电影不过了。,https://movie.douban.com/subject/1293172/,1987,163分钟,剧情 / 传记 / 历史,9.0,C:\Users\项玉婷\Desktop\douban-movie-crawler-250\posters\025_末代皇帝.jpg,2026-05-13 14:52:19
26,26,哈利·波特与魔法石,Harry Potter and the Sorcerer's Stone,9.2,1424110,Chris Columbus   主演: Daniel Radcliffe / Emma Watson / Rupert Grint,导演: Chris Columbus   Daniel Radcliffe / Emma Watson / Rupert Grint,童话世界的开端。,https://movie.douban.com/subject/1295038/,2002,152分钟,奇幻 / 冒险,7.0,C:\Users\项玉婷\Desktop\douban-movie-crawler-250\posters\026_哈利·波特与魔法石.jpg,2026-05-13 14:52:19
27,27,当幸福来敲门,The Pursuit of Happyness,9.1,1689041,加布里尔·穆奇诺 Gabriele Muccino   主演: 威尔·史密斯 Will Smith ...,导演: 加布里尔·穆奇诺 Gabriele Muccino   威尔·史密斯 Will Smith ...,平民励志片。,https://movie.douban.com/subject/1849031/,2008,117分钟,剧情 / 家庭 / 传记,1.0,C:\Users\项玉婷\Desktop\douban-movie-crawler-250\posters\027_当幸福来敲门.jpg,2026-05-13 14:52:19
28,28,龙猫,となりのトトロ,9.2,1412238,宫崎骏 Hayao Miyazaki   主演: 日高法子 Noriko Hidaka / 坂本千夏 Ch...,导演: 宫崎骏 Hayao Miyazaki   日高法子 Noriko Hidaka / 坂本千夏 Ch...,人人心中都有个龙猫，童年就永远不会消失。,https://movie.douban.com/subject/1291560/,2018,86分钟,动画 / 奇幻 / 冒险,3.0,C:\Users\项玉婷\Desktop\douban-movie-crawler-250\posters\028_龙猫.jpg,2026-05-13 14:52:19
29,29,活着,,9.3,971122,张艺谋 Yimou Zhang   主演: 葛优 You Ge / 巩俐 Li Gong / 姜武 Wu Jiang,导演: 张艺谋 Yimou Zhang   葛优 You Ge / 巩俐 Li Gong / 姜武 Wu Jiang,张艺谋最好的电影。,https://movie.douban.com/subject/1292365/,1994,132分钟,剧情 / 家庭 / 历史,1.0,C:\Users\项玉婷\Desktop\douban-movie-crawler-250\posters\029_活着.jpg,2026-05-13 14:52:19
30,30,怦然心动,Flipped,9.1,2052584,罗伯·莱纳 Rob Reiner   主演: 玛德琳·卡罗尔 Madeline Carroll / 卡...,导演: 罗伯·莱纳 Rob Reiner   玛德琳·卡罗尔 Madeline Carroll / 卡...,真正的幸福是来自内心深处。,https://movie.douban.com/subject/3319755/,2010,90分钟,剧情 / 喜剧 / 爱情,7.0,C:\Users\项玉婷\Desktop\douban-movie-crawler-250\posters\030_怦然心动.jpg,2026-05-13 14:52:19
31,31,蝙蝠侠：黑暗骑士,The Dark Knight,9.2,1193716,克里斯托弗·诺兰 Christopher Nolan   主演: 克里斯蒂安·贝尔 Christ...,导演: 克里斯托弗·诺兰 Christopher Nolan   克里斯蒂安·贝尔 Christ...,无尽的黑暗。,https://movie.douban.com/subject/1851857/,2008,152分钟,剧情 / 动作 / 科幻 / 惊悚 / 犯罪,9.0,C:\Users\项玉婷\Desktop\douban-movie-crawler-250\posters\031_蝙蝠侠：黑暗骑士.jpg,2026-05-13 14:52:19
32,32,指环王3：王者无敌,The Lord of the Rings: The Return of the King,9.3,911416,彼得·杰克逊 Peter Jackson   主演: 伊利亚·伍德 Elijah Wood / 西恩...,导演: 彼得·杰克逊 Peter Jackson   伊利亚·伍德 Elijah Wood / 西恩...,史诗的终章。,https://movie.douban.com/subject/1291552/,2004,201分钟,剧情 / 动作 / 奇幻 / 冒险,0.0,C:\Users\项玉婷\Desktop\douban-movie-crawler-250\posters\032_指环王3：王者无敌.jpg,2026-05-13 14:52:19
33,33,我不是药神,,9.0,2352184,文牧野 Muye Wen   主演: 徐峥 Zheng Xu / 王传君 Chuanjun Wang / 周...,导演: 文牧野 Muye Wen   徐峥 Zheng Xu / 王传君 Chuanjun Wang / 周...,对我们国家而言，这样的电影多一部是一部。,https://movie.douban.com/subject/26752088/,2018,117分钟,剧情 / 喜剧,6.0,C:\Users\项玉婷\Desktop\douban-movie-crawler-250\posters\033_我不是药神.jpg,2026-05-13 14:52:19
34,34,乱世佳人,Gone with the Wind,9.3,796413,维克多·弗莱明 Victor Fleming / 乔治·库克 George Cukor   主演: 费...,导演: 维克多·弗莱明 Victor Fleming / 乔治·库克 George Cukor   费...,Tomorrow is another day.,https://movie.douban.com/subject/1300267/,1939,233分钟,剧情 / 爱情 / 历史 / 战争,1.0,C:\Users\项玉婷\Desktop\douban-movie-crawler-250\posters\034_乱世佳人.jpg,2026-05-13 14:52:19
35,35,飞屋环游记,Up,9.1,1502181,彼特·道格特 Pete Docter / 鲍勃·彼德森 Bob Peterson   主演: 爱德...,导演: 彼特·道格特 Pete Docter / 鲍勃·彼德森 Bob Peterson   爱德...,最后那些最无聊的事情，才是最值得怀念的。,https://movie.douban.com/subject/2129039/,2009,96分钟,剧情 / 喜剧 / 动画 / 冒险,3.0,C:\Users\项玉婷\Desktop\douban-movie-crawler-250\posters\035_飞屋环游记.jpg,2026-05-13 14:52:19
36,36,让子弹飞,,9.0,1921901,姜文 Wen Jiang   主演: 姜文 Wen Jiang / 葛优 You Ge / 周润发 Yun-F...,导演: 姜文 Wen Jiang   姜文 Wen Jiang / 葛优 You Ge / 周润发 Yun-F...,你给我翻译翻译，神马叫做TMD的惊喜。,https://movie.douban.com/subject/3742360/,2010,132分钟,剧情 / 喜剧 / 动作 / 西部,7.0,C:\Users\项玉婷\Desktop\douban-movie-crawler-250\posters\036_让子弹飞.jpg,2026-05-13 14:52:19
37,37,哈尔的移动城堡,ハウルの動く城,9.1,1292779,宫崎骏 Hayao Miyazaki   主演: 倍赏千惠子 Chieko Baishô / 木村拓...,导演: 宫崎骏 Hayao Miyazaki   倍赏千惠子 Chieko Baishô / 木村拓...,带着心爱的人在天空飞翔。,https://movie.douban.com/subject/1308807/,2024,119分钟,爱情 / 动画 / 奇幻 / 冒险,9.0,C:\Users\项玉婷\Desktop\douban-movie-crawler-250\posters\037_哈尔的移动城堡.jpg,2026-05-13 14:52:19
38,38,十二怒汉,12 Angry Men,9.4,579777,西德尼·吕美特 Sidney Lumet   主演: 亨利·方达 Henry Fonda / 马丁...,导演: 西德尼·吕美特 Sidney Lumet   亨利·方达 Henry Fonda / 马丁...,1957年的理想主义。,https://movie.douban.com/subject/1293182/,1957,96分钟,剧情,3.0,C:\Users\项玉婷\Desktop\douban-movie-crawler-250\posters\038_十二怒汉.jpg,2026-05-13 14:52:19
39,39,海蒂和爷爷,Heidi,9.3,783176,阿兰·葛斯彭纳 Alain Gsponer   主演: 阿努克·斯特芬 Anuk Steffen /...,导演: 阿兰·葛斯彭纳 Alain Gsponer   阿努克·斯特芬 Anuk Steffen /...,如果生活中有什么使你感到快乐，那就去做吧！不要管别人说什么。,https://movie.douban.com/subject/25958717/,2019,111分钟,剧情 / 家庭 / 冒险,2.0,C:\Users\项玉婷\Desktop\douban-movie-crawler-250\posters\039_海蒂和爷爷.jpg,2026-05-13 14:52:19
40,40,素媛,소원,9.3,777018,李濬益 Jun-ik Lee   主演: 薛景求 Kyung-gu Sol / 严志媛 Ji-won Uhm ...,导演: 李濬益 Jun-ik Lee   薛景求 Kyung-gu Sol / 严志媛 Ji-won Uhm ...,受过伤害的人总是笑得最开心，因为他们不愿意让身边的人承受一样的痛苦。,https://movie.douban.com/subject/21937452/,2013,122分钟,剧情,4.0,C:\Users\项玉婷\Desktop\douban-movie-crawler-250\posters\040_素媛.jpg,2026-05-13 14:52:19
41,41,猫鼠游戏,Catch Me If You Can,9.1,1212666,史蒂文·斯皮尔伯格 Steven Spielberg   主演: 莱昂纳多·迪卡普里奥 L...,导演: 史蒂文·斯皮尔伯格 Steven Spielberg   莱昂纳多·迪卡普里奥 L...,骗子大师和执著警探的你追我跑故事。,https://movie.douban.com/subject/1305487/,2003,141 分钟,剧情 / 传记 / 犯罪,4.0,C:\Users\项玉婷\Desktop\douban-movie-crawler-250\posters\041_猫鼠游戏.jpg,2026-05-13 14:52:19
42,42,天空之城,天空の城ラピュタ,9.2,1010205,宫崎骏 Hayao Miyazaki   主演: 田中真弓 Mayumi Tanaka / 横泽启子 Ke...,导演: 宫崎骏 Hayao Miyazaki   田中真弓 Mayumi Tanaka / 横泽启子 Ke...,对天空的追逐，永不停止。,https://movie.douban.com/subject/1291583/,1992,125分钟,动画 / 奇幻 / 冒险,7.0,C:\Users\项玉婷\Desktop\douban-movie-crawler-250\posters\042_天空之城.jpg,2026-05-13 14:52:19
43,43,鬼子来了,,9.3,716093,姜文 Wen Jiang   主演: 姜文 Wen Jiang / 香川照之 Teruyuki Kagawa /...,导演: 姜文 Wen Jiang   姜文 Wen Jiang / 香川照之 Teruyuki Kagawa /...,对敌人的仁慈，就是对自己残忍。,https://movie.douban.com/subject/1291858/,2000,139分钟,剧情 / 喜剧,9.0,C:\Users\项玉婷\Desktop\douban-movie-crawler-250\posters\043_鬼子来了.jpg,2026-05-13 14:52:19
44,44,摔跤吧！爸爸,Dangal,9.0,1747074,涅提·蒂瓦里 Nitesh Tiwari   主演: 阿米尔·汗 Aamir Khan / 法缇玛...,导演: 涅提·蒂瓦里 Nitesh Tiwari   阿米尔·汗 Aamir Khan / 法缇玛...,你不是在为你一个人战斗，你要让千千万万的女性看到女生并不是只能相夫教子。,https://movie.douban.com/subject/26387939/,2017,161分钟(印度),剧情 / 家庭 / 传记 / 运动,2.0,C:\Users\项玉婷\Desktop\douban-movie-crawler-250\posters\044_摔跤吧！爸爸.jpg,2026-05-13 14:52:19
45,45,少年派的奇幻漂流,Life of Pi,9.1,1491003,李安 Ang Lee   主演: 苏拉·沙玛 Suraj Sharma / 伊尔凡·可汗 Irrfan...,导演: 李安 Ang Lee   苏拉·沙玛 Suraj Sharma / 伊尔凡·可汗 Irrfan...,瑰丽壮观、无人能及的冒险之旅。,https://movie.douban.com/subject/1929463/,2012,127分钟,剧情 / 奇幻 / 冒险,6.0,C:\Users\项玉婷\Desktop\douban-movie-crawler-250\posters\045_少年派的奇幻漂流.jpg,2026-05-13 14:52:19
46,46,钢琴家,The Pianist,9.3,751192,罗曼·波兰斯基 Roman Polanski   主演: 艾德里安·布洛迪 Adrien Brod...,导演: 罗曼·波兰斯基 Roman Polanski   艾德里安·布洛迪 Adrien Brod...,,https://movie.douban.com/subject/1296736/,2002,149分钟,剧情 / 音乐 / 传记 / 战争,4.0,C:\Users\项玉婷\Desktop\douban-movie-crawler-250\posters\046_钢琴家.jpg,2026-05-13 14:52:19
47,47,指环王2：双塔奇兵,The Lord of the Rings: The Two Towers,9.2,858388,彼得·杰克逊 Peter Jackson   主演: 伊利亚·伍德 Elijah Wood / 西恩...,导演: 彼得·杰克逊 Peter Jackson   伊利亚·伍德 Elijah Wood / 西恩...,承前启后的史诗篇章。,https://movie.douban.com/subject/1291572/,2003,180分钟,剧情 / 动作 / 奇幻 / 冒险,1.0,C:\Users\项玉婷\Desktop\douban-movie-crawler-250\posters\047_指环王2：双塔奇兵.jpg,2026-05-13 14:52:19
48,48,死亡诗社,Dead Poets Society,9.2,885009,彼得·威尔 Peter Weir   主演: 罗宾·威廉姆斯 Robin Williams / 罗伯...,导演: 彼得·威尔 Peter Weir   罗宾·威廉姆斯 Robin Williams / 罗伯...,当一个死水般的体制内出现一个活跃的变数时，所有的腐臭都站在了光明的对面。,https://movie.douban.com/subject/1291548/,1989,128 分钟,剧情,5.0,C:\Users\项玉婷\Desktop\douban-movie-crawler-250\posters\048_死亡诗社.jpg,2026-05-13 14:52:19
49,49,大话西游之月光宝盒,西遊記第壹佰零壹回之月光寶盒,9.0,1367096,刘镇伟 Jeffrey Lau   主演: 周星驰 Stephen Chow / 吴孟达 Man Tat Ng...,导演: 刘镇伟 Jeffrey Lau   周星驰 Stephen Chow / 吴孟达 Man Tat Ng...,,https://movie.douban.com/subject/1299398/,2014,88分钟,喜剧 / 爱情 / 奇幻 / 古装,8.0,C:\Users\项玉婷\Desktop\douban-movie-crawler-250\posters\049_大话西游之月光宝盒.jpg,2026-05-13 14:52:19
50,50,绿皮书,Green Book,8.9,1895114,彼得·法雷里 Peter Farrelly   主演: 维果·莫腾森 Viggo Mortensen /...,导演: 彼得·法雷里 Peter Farrelly   维果·莫腾森 Viggo Mortensen /...,去除成见，需要勇气。,https://movie.douban.com/subject/27060077/,2019,130分钟,剧情 / 喜剧 / 音乐 / 传记,2.0,C:\Users\项玉婷\Desktop\douban-movie-crawler-250\posters\050_绿皮书.jpg,2026-05-13 14:52:19
51,51,何以为家,كفرناحوم,9.1,1163589,娜丁·拉巴基 Nadine Labaki   主演: 扎因·拉费阿 Zain al-Rafeea / ...,导演: 娜丁·拉巴基 Nadine Labaki   扎因·拉费阿 Zain al-Rafeea / ...,凝视卑弱生命，用电影改变命运。,https://movie.douban.com/subject/30170448/,2019,126分钟,剧情,4.0,C:\Users\项玉婷\Desktop\douban-movie-crawler-250\posters\051_何以为家.jpg,2026-05-13 14:52:19
52,52,闻香识女人,Scent of a Woman,9.1,1024613,马丁·布莱斯 Martin Brest   主演: 阿尔·帕西诺 Al Pacino / 克里斯...,导演: 马丁·布莱斯 Martin Brest   阿尔·帕西诺 Al Pacino / 克里斯...,,https://movie.douban.com/subject/1298624/,1992,157 分钟,剧情,3.0,C:\Users\项玉婷\Desktop\douban-movie-crawler-250\posters\052_闻香识女人.jpg,2026-05-13 14:52:19
53,53,大闹天宫,,9.4,510652,万籁鸣 Laiming Wan   主演: 邱岳峰 Yuefeng Qiu / 富润生 Runsheng Fu...,导演: 万籁鸣 Laiming Wan   邱岳峰 Yuefeng Qiu / 富润生 Runsheng Fu...,,https://movie.douban.com/subject/1418019/,1961,113分钟,剧情 / 动画 / 奇幻 / 古装,5.0,C:\Users\项玉婷\Desktop\douban-movie-crawler-250\posters\053_大闹天宫.jpg,2026-05-13 14:52:19
54,54,黑客帝国,The Matrix,9.1,951844,安迪·沃卓斯基 Andy Wachowski / 拉娜·沃卓斯基 Lana Wachowski   主...,,,https://movie.douban.com/subject/1291843/,2000,136分钟,动作 / 科幻,3.0,C:\Users\项玉婷\Desktop\douban-movie-crawler-250\posters\054_黑客帝国.jpg,2026-05-13 14:52:19
55,55,指环王1：护戒使者,The Lord of the Rings: The Fellowship of the Ring,9.1,961489,彼得·杰克逊 Peter Jackson   主演: 伊利亚·伍德 Elijah Wood / 西恩...,导演: 彼得·杰克逊 Peter Jackson   伊利亚·伍德 Elijah Wood / 西恩...,,https://movie.douban.com/subject/1291571/,2002,179分钟,剧情 / 动作 / 奇幻 / 冒险,7.0,C:\Users\项玉婷\Desktop\douban-movie-crawler-250\posters\055_指环王1：护戒使者.jpg,2026-05-13 14:52:19
56,56,罗马假日,Roman Holiday,9.1,1049616,威廉·惠勒 William Wyler   主演: 奥黛丽·赫本 Audrey Hepburn / 格...,导演: 威廉·惠勒 William Wyler   奥黛丽·赫本 Audrey Hepburn / 格...,,https://movie.douban.com/subject/1293839/,1953,118分钟,剧情 / 喜剧 / 爱情,0.0,C:\Users\项玉婷\Desktop\douban-movie-crawler-250\posters\056_罗马假日.jpg,2026-05-13 14:52:19
57,57,教父2,The Godfather: Part II,9.3,641151,弗朗西斯·福特·科波拉 Francis Ford Coppola   主演: 阿尔·帕西诺 A...,导演: 弗朗西斯·福特·科波拉 Francis Ford Coppola   阿尔·帕西诺 A...,,https://movie.douban.com/subject/1299131/,1974,202分钟,剧情 / 犯罪,2.0,C:\Users\项玉婷\Desktop\douban-movie-crawler-250\posters\057_教父2.jpg,2026-05-13 14:52:19
58,58,狮子王,The Lion King,9.1,962297,Roger Allers / 罗伯·明可夫 Rob Minkoff   主演: 乔纳森·泰勒·托马...,导演: Roger Allers / 罗伯·明可夫 Rob Minkoff   乔纳森·泰勒·托马...,,https://movie.douban.com/subject/1301753/,1995,89 分钟,动画 / 歌舞 / 冒险,7.0,C:\Users\项玉婷\Desktop\douban-movie-crawler-250\posters\058_狮子王.jpg,2026-05-13 14:52:19
59,59,天堂电影院,Nuovo Cinema Paradiso,9.2,742309,朱塞佩·托纳多雷 Giuseppe Tornatore   主演: 菲利普·努瓦雷 Philipp...,导演: 朱塞佩·托纳多雷 Giuseppe Tornatore   菲利普·努瓦雷 Philipp...,,https://movie.douban.com/subject/1291828/,2021,173分钟(导演剪辑版),剧情 / 爱情,5.0,C:\Users\项玉婷\Desktop\douban-movie-crawler-250\posters\059_天堂电影院.jpg,2026-05-13 14:52:19
60,60,饮食男女,飲食男女,9.2,726738,李安 Ang Lee   主演: 郎雄 Sihung Lung / 杨贵媚 Kuei-Mei Yang / 吴...,导演: 李安 Ang Lee   郎雄 Sihung Lung / 杨贵媚 Kuei-Mei Yang / 吴...,,https://movie.douban.com/subject/1291818/,1994,124分钟,剧情 / 家庭,7.0,C:\Users\项玉婷\Desktop\douban-movie-crawler-250\posters\060_饮食男女.jpg,2026-05-13 14:52:19
61,61,辩护人,변호인,9.2,658848,杨宇硕 Woo-seok Yang   主演: 宋康昊 Kang-ho Song / 金英爱 Yeong-ae...,导演: 杨宇硕 Woo-seok Yang   宋康昊 Kang-ho Song / 金英爱 Yeong-ae...,电影的现实意义大过电影本身。,https://movie.douban.com/subject/21937445/,2013,127分钟,剧情,0.0,C:\Users\项玉婷\Desktop\douban-movie-crawler-250\posters\061_辩护人.jpg,2026-05-13 14:52:19
62,62,本杰明·巴顿奇事,The Curious Case of Benjamin Button,9.0,1106709,大卫·芬奇 David Fincher   主演: 布拉德·皮特 Brad Pitt / 凯特·布...,导演: 大卫·芬奇 David Fincher   布拉德·皮特 Brad Pitt / 凯特·布...,在时间之河里感受溺水之苦。,https://movie.douban.com/subject/1485260/,2008,166分钟,剧情 / 爱情 / 奇幻,5.0,C:\Users\项玉婷\Desktop\douban-movie-crawler-250\posters\062_本杰明·巴顿奇事.jpg,2026-05-13 14:52:19
63,63,搏击俱乐部,Fight Club,9.0,977488,大卫·芬奇 David Fincher   主演: 爱德华·诺顿 Edward Norton / 布拉...,导演: 大卫·芬奇 David Fincher   爱德华·诺顿 Edward Norton / 布拉...,,https://movie.douban.com/subject/1292000/,1999,139 分钟,剧情 / 动作 / 悬疑 / 惊悚,3.0,C:\Users\项玉婷\Desktop\douban-movie-crawler-250\posters\063_搏击俱乐部.jpg,2026-05-13 14:52:19
64,64,美丽心灵,A Beautiful Mind,9.1,854569,朗·霍华德 Ron Howard   主演: 罗素·克劳 Russell Crowe / 艾德·哈...,导演: 朗·霍华德 Ron Howard   罗素·克劳 Russell Crowe / 艾德·哈...,,https://movie.douban.com/subject/1306029/,2001,135分钟,剧情 / 传记,8.0,C:\Users\项玉婷\Desktop\douban-movie-crawler-250\posters\064_美丽心灵.jpg,2026-05-13 14:52:19
65,65,穿条纹睡衣的男孩,The Boy in the Striped Pajamas,9.2,642851,马克·赫尔曼 Mark Herman   主演: 阿萨·巴特菲尔德 Asa Butterfield ...,导演: 马克·赫尔曼 Mark Herman   阿萨·巴特菲尔德 Asa Butterfield ...,尽管有些不切实际的幻想，这部电影依旧是一部感人肺腑的佳作。,https://movie.douban.com/subject/3008247/,2008,94分钟,剧情 / 战争,8.0,C:\Users\项玉婷\Desktop\douban-movie-crawler-250\posters\065_穿条纹睡衣的男孩.jpg,2026-05-13 14:52:19
66,66,哈利·波特与死亡圣器(下),Harry Potter and the Deathly Hallows: Part 2,9.0,972571,大卫·叶茨 David Yates   主演: 丹尼尔·雷德克里夫 Daniel Radcliffe...,导演: 大卫·叶茨 David Yates   丹尼尔·雷德克里夫 Daniel Radcliffe...,10年的完美句点。,https://movie.douban.com/subject/3011235/,2011,130分钟,奇幻 / 冒险,7.0,C:\Users\项玉婷\Desktop\douban-movie-crawler-250\posters\066_哈利·波特与死亡圣器(下).jpg,2026-05-13 14:52:19
67,67,情书,Love Letter,8.9,1328183,岩井俊二 Shunji Iwai   主演: 中山美穗 Miho Nakayama / 丰川悦司 Ets...,导演: 岩井俊二 Shunji Iwai   中山美穗 Miho Nakayama / 丰川悦司 Ets...,,https://movie.douban.com/subject/1292220/,1999,117分钟,剧情 / 爱情,8.0,C:\Users\项玉婷\Desktop\douban-movie-crawler-250\posters\067_情书.jpg,2026-05-13 14:52:19
68,68,两杆大烟枪,"Lock, Stock and Two Smoking Barrels",9.1,679182,盖·里奇 Guy Ritchie   主演: 杰森·弗莱明 Jason Flemyng / 德克斯特...,导演: 盖·里奇 Guy Ritchie   杰森·弗莱明 Jason Flemyng / 德克斯特...,,https://movie.douban.com/subject/1293350/,1998,107分钟,剧情 / 喜剧 / 犯罪,5.0,C:\Users\项玉婷\Desktop\douban-movie-crawler-250\posters\068_两杆大烟枪.jpg,2026-05-13 14:52:19
69,69,窃听风暴,Das Leben der Anderen,9.2,633065,弗洛里安·亨克尔·冯·多纳斯马尔克 Florian Henckel von Donnersmarck  &n...,,别样人生。,https://movie.douban.com/subject/1900841/,2006,137分钟,剧情 / 悬疑,4.0,C:\Users\项玉婷\Desktop\douban-movie-crawler-250\posters\069_窃听风暴.jpg,2026-05-13 14:52:19
70,70,功夫,,8.9,1339120,周星驰 Stephen Chow   主演: 周星驰 Stephen Chow / 元秋 Qiu Yuen / ...,导演: 周星驰 Stephen Chow   周星驰 Stephen Chow / 元秋 Qiu Yuen / ...,警恶惩奸，维护世界和平这个任务就交给你了，好吗？,https://movie.douban.com/subject/1291543/,2004,100分钟(3D重映),喜剧 / 动作 / 犯罪 / 奇幻,4.0,C:\Users\项玉婷\Desktop\douban-movie-crawler-250\posters\070_功夫.jpg,2026-05-13 14:52:19
71,71,音乐之声,The Sound of Music,9.1,685443,罗伯特·怀斯 Robert Wise   主演: 朱莉·安德鲁斯 Julie Andrews / 克...,导演: 罗伯特·怀斯 Robert Wise   朱莉·安德鲁斯 Julie Andrews / 克...,,https://movie.douban.com/subject/1294408/,1965,174分钟,剧情 / 爱情 / 歌舞 / 传记,2.0,C:\Users\项玉婷\Desktop\douban-movie-crawler-250\posters\071_音乐之声.jpg,2026-05-13 14:52:19
72,72,哈利·波特与阿兹卡班的囚徒,Harry Potter and the Prisoner of Azkaban,9.0,893122,阿方索·卡隆 Alfonso Cuarón   主演: 丹尼尔·雷德克里夫 Daniel Rad...,导演: 阿方索·卡隆 Alfonso Cuarón   丹尼尔·雷德克里夫 Daniel Rad...,不一样的导演，不一样的哈利·波特。,https://movie.douban.com/subject/1291544/,2004,141分钟,奇幻 / 冒险,1.0,C:\Users\项玉婷\Desktop\douban-movie-crawler-250\posters\072_哈利·波特与阿兹卡班的囚徒.jpg,2026-05-13 14:52:19
73,73,阿凡达,Avatar,8.8,1588565,詹姆斯·卡梅隆 James Cameron   主演: 萨姆·沃辛顿 Sam Worthington ...,导演: 詹姆斯·卡梅隆 James Cameron   萨姆·沃辛顿 Sam Worthington ...,绝对意义上的美轮美奂。,https://movie.douban.com/subject/1652587/,2010,162分钟,动作 / 科幻 / 冒险,9.0,C:\Users\项玉婷\Desktop\douban-movie-crawler-250\posters\073_阿凡达.jpg,2026-05-13 14:52:19
74,74,西西里的美丽传说,Malèna,8.9,1095090,朱塞佩·托纳多雷 Giuseppe Tornatore   主演: 莫妮卡·贝鲁奇 Monica ...,导演: 朱塞佩·托纳多雷 Giuseppe Tornatore   莫妮卡·贝鲁奇 Monica ...,,https://movie.douban.com/subject/1292402/,2000,108分钟,剧情 / 情色 / 战争,7.0,C:\Users\项玉婷\Desktop\douban-movie-crawler-250\posters\074_西西里的美丽传说.jpg,2026-05-13 14:52:19
75,75,看不见的客人,Contratiempo,8.8,1443625,奥里奥尔·保罗 Oriol Paulo   主演: 马里奥·卡萨斯 Mario Casas / 阿...,导演: 奥里奥尔·保罗 Oriol Paulo   马里奥·卡萨斯 Mario Casas / 阿...,你以为你以为的就是你以为的。,https://movie.douban.com/subject/26580232/,2017,106分钟,剧情 / 悬疑 / 惊悚 / 犯罪,4.0,C:\Users\项玉婷\Desktop\douban-movie-crawler-250\posters\075_看不见的客人.jpg,2026-05-13 14:52:19
76,76,拯救大兵瑞恩,Saving Private Ryan,9.1,726427,史蒂文·斯皮尔伯格 Steven Spielberg   主演: 汤姆·汉克斯 Tom Hanks...,导演: 史蒂文·斯皮尔伯格 Steven Spielberg   汤姆·汉克斯 Tom Hanks...,,https://movie.douban.com/subject/1292849/,1998,169分钟,剧情 / 战争,5.0,C:\Users\项玉婷\Desktop\douban-movie-crawler-250\posters\076_拯救大兵瑞恩.jpg,2026-05-13 14:52:19
77,77,沉默的羔羊,The Silence of the Lambs,8.9,1018360,乔纳森·戴米 Jonathan Demme   主演: 朱迪·福斯特 Jodie Foster / 安...,导演: 乔纳森·戴米 Jonathan Demme   朱迪·福斯特 Jodie Foster / 安...,,https://movie.douban.com/subject/1293544/,1991,118分钟,剧情 / 惊悚 / 犯罪,6.0,C:\Users\项玉婷\Desktop\douban-movie-crawler-250\posters\077_沉默的羔羊.jpg,2026-05-13 14:52:19
78,78,小鞋子,بچه های آسمان,9.2,467347,马基德·马基迪 Majid Majidi   主演: 默罕默德·阿米尔·纳吉 Mohamma...,导演: 马基德·马基迪 Majid Majidi   默罕默德·阿米尔·纳吉 Mohamma...,,https://movie.douban.com/subject/1303021/,1997,89分钟,剧情 / 家庭 / 儿童,9.0,C:\Users\项玉婷\Desktop\douban-movie-crawler-250\posters\078_小鞋子.jpg,2026-05-13 14:52:19
79,79,布达佩斯大饭店,The Grand Budapest Hotel,8.9,1087852,韦斯·安德森 Wes Anderson   主演: 拉尔夫·费因斯 Ralph Fiennes / ...,导演: 韦斯·安德森 Wes Anderson   拉尔夫·费因斯 Ralph Fiennes / ...,小清新的故事里注入了大历史的情怀。,https://movie.douban.com/subject/11525673/,2014,99分钟,剧情 / 喜剧 / 冒险,8.0,C:\Users\项玉婷\Desktop\douban-movie-crawler-250\posters\079_布达佩斯大饭店.jpg,2026-05-13 14:52:19
80,80,蝴蝶效应,The Butterfly Effect,8.9,1070499,埃里克·布雷斯 Eric Bress / J·麦基·格鲁伯 J. Mackye Gruber   主...,,人的命运被自己瞬间的抉择改变。,https://movie.douban.com/subject/1292343/,2004,113分钟,剧情 / 科幻 / 悬疑 / 惊悚,9.0,C:\Users\项玉婷\Desktop\douban-movie-crawler-250\posters\080_蝴蝶效应.jpg,2026-05-13 14:52:19
81,81,飞越疯人院,One Flew Over the Cuckoo's Nest,9.1,605424,米洛斯·福尔曼 Miloš Forman   主演: 杰克·尼科尔森 Jack Nichols...,导演: 米洛斯·福尔曼 Miloš Forman   杰克·尼科尔森 Jack Nichols...,,https://movie.douban.com/subject/1292224/,1975,133分钟,剧情,0.0,C:\Users\项玉婷\Desktop\douban-movie-crawler-250\posters\081_飞越疯人院.jpg,2026-05-13 14:52:19
82,82,还有明天,C'è ancora domani,9.3,374656,宝拉·柯特莱西 Paola Cortellesi   主演: 宝拉·柯特莱西 Paola Corte...,导演: 宝拉·柯特莱西 Paola Cortellesi   宝拉·柯特莱西 Paola Corte...,,https://movie.douban.com/subject/36445098/,2025,118分钟,剧情 / 喜剧 / 历史,0.0,C:\Users\项玉婷\Desktop\douban-movie-crawler-250\posters\082_还有明天.jpg,2026-05-13 14:52:19
83,83,禁闭岛,Shutter Island,8.9,1116460,Martin Scorsese   主演: 莱昂纳多·迪卡普里奥 Leonardo DiCaprio / ...,导演: Martin Scorsese   莱昂纳多·迪卡普里奥 Leonardo DiCaprio / ...,昔日翩翩少年，今日大腹便便。,https://movie.douban.com/subject/2334904/,2010,138分钟,剧情 / 悬疑 / 惊悚,0.0,C:\Users\项玉婷\Desktop\douban-movie-crawler-250\posters\083_禁闭岛.jpg,2026-05-13 14:52:19
84,84,心灵捕手,Good Will Hunting,9.0,817070,格斯·范·桑特 Gus Van Sant   主演: 马特·达蒙 Matt Damon / 罗宾·...,导演: 格斯·范·桑特 Gus Van Sant   马特·达蒙 Matt Damon / 罗宾·...,,https://movie.douban.com/subject/1292656/,1997,126分钟,剧情,0.0,C:\Users\项玉婷\Desktop\douban-movie-crawler-250\posters\084_心灵捕手.jpg,2026-05-13 14:52:19
85,85,致命魔术,The Prestige,8.9,966240,克里斯托弗·诺兰 Christopher Nolan   主演: 休·杰克曼 Hugh Jackman...,导演: 克里斯托弗·诺兰 Christopher Nolan   休·杰克曼 Hugh Jackman...,孪生蝙蝠侠大战克隆金刚狼。,https://movie.douban.com/subject/1780330/,2006,130分钟,剧情 / 悬疑 / 惊悚,0.0,C:\Users\项玉婷\Desktop\douban-movie-crawler-250\posters\085_致命魔术.jpg,2026-05-13 14:52:19
86,86,低俗小说,Pulp Fiction,8.9,962072,昆汀·塔伦蒂诺 Quentin Tarantino   主演: 约翰·特拉沃尔塔 John Tra...,导演: 昆汀·塔伦蒂诺 Quentin Tarantino   约翰·特拉沃尔塔 John Tra...,,https://movie.douban.com/subject/1291832/,1994,154分钟,剧情 / 喜剧 / 犯罪,0.0,C:\Users\项玉婷\Desktop\douban-movie-crawler-250\posters\086_低俗小说.jpg,2026-05-13 14:52:19
87,87,哈利·波特与密室,Harry Potter and the Chamber of Secrets,8.9,919559,Chris Columbus   主演: 丹尼尔·雷德克里夫 Daniel Radcliffe / 艾玛...,导演: Chris Columbus   丹尼尔·雷德克里夫 Daniel Radcliffe / 艾玛...,,https://movie.douban.com/subject/1296996/,2003,161分钟,奇幻 / 冒险,0.0,C:\Users\项玉婷\Desktop\douban-movie-crawler-250\posters\087_哈利·波特与密室.jpg,2026-05-13 14:52:19
88,88,超脱,Detachment,9.0,725427,托尼·凯耶 Tony Kaye   主演: 艾德里安·布洛迪 Adrien Brody / 马西...,导演: 托尼·凯耶 Tony Kaye   艾德里安·布洛迪 Adrien Brody / 马西...,穷尽一生，我们要学会的，不过是彼此拥抱。,https://movie.douban.com/subject/5322596/,2011,98分钟,剧情,0.0,C:\Users\项玉婷\Desktop\douban-movie-crawler-250\posters\088_超脱.jpg,2026-05-13 14:52:19
89,89,一一,,9.1,513048,杨德昌 Edward Yang   主演: 吴念真 / 李凯莉 Kelly Lee / 金燕玲 Elai...,导演: 杨德昌 Edward Yang   吴念真 / 李凯莉 Kelly Lee / 金燕玲 Elai...,,https://movie.douban.com/subject/1292434/,2017,173分钟,剧情 / 爱情 / 家庭,0.0,C:\Users\项玉婷\Desktop\douban-movie-crawler-250\posters\089_一一.jpg,2026-05-13 14:52:19
90,90,喜剧之王,喜劇之王,8.8,1098458,周星驰 Stephen Chow / 李力持 Lik-Chi Lee   主演: 周星驰 Stephen Ch...,导演: 周星驰 Stephen Chow / 李力持 Lik-Chi Lee   周星驰 Stephen Ch...,,https://movie.douban.com/subject/1302425/,1999,89分钟,剧情 / 喜剧 / 爱情,0.0,C:\Users\项玉婷\Desktop\douban-movie-crawler-250\posters\090_喜剧之王.jpg,2026-05-13 14:52:19
91,91,杀人回忆,살인의 추억,8.9,840094,奉俊昊 Joon-ho Bong   主演: 宋康昊 Kang-ho Song / 金相庆 Sang-kyun...,导演: 奉俊昊 Joon-ho Bong   宋康昊 Kang-ho Song / 金相庆 Sang-kyun...,,https://movie.douban.com/subject/1300299/,2003,132分钟,剧情 / 动作 / 悬疑 / 惊悚 / 犯罪,0.0,C:\Users\项玉婷\Desktop\douban-movie-crawler-250\posters\091_杀人回忆.jpg,2026-05-13 14:52:19
92,92,致命ID,Identity,8.9,952584,詹姆斯·曼高德 James Mangold   主演: 约翰·库萨克 John Cusack / 雷...,导演: 詹姆斯·曼高德 James Mangold   约翰·库萨克 John Cusack / 雷...,,https://movie.douban.com/subject/1297192/,2003,90分钟,剧情 / 悬疑 / 惊悚,0.0,C:\Users\项玉婷\Desktop\douban-movie-crawler-250\posters\092_致命ID.jpg,2026-05-13 14:52:19
93,93,摩登时代,Modern Times,9.3,348170,查理·卓别林 Charles Chaplin   主演: 查理·卓别林 Charles Chaplin ...,导演: 查理·卓别林 Charles Chaplin   查理·卓别林 Charles Chaplin ...,,https://movie.douban.com/subject/1294371/,1936,87分钟,剧情 / 喜剧 / 爱情,0.0,C:\Users\项玉婷\Desktop\douban-movie-crawler-250\posters\093_摩登时代.jpg,2026-05-13 14:52:19
94,94,春光乍泄,春光乍洩,9.0,711251,王家卫 Kar Wai Wong   主演: 张国荣 Leslie Cheung / 梁朝伟 Tony Leu...,导演: 王家卫 Kar Wai Wong   张国荣 Leslie Cheung / 梁朝伟 Tony Leu...,,https://movie.douban.com/subject/1292679/,1997,96分钟,剧情 / 爱情 / 同性,0.0,C:\Users\项玉婷\Desktop\douban-movie-crawler-250\posters\094_春光乍泄.jpg,2026-05-13 14:52:19
95,95,加勒比海盗,Pirates of the Caribbean: The Curse of the Black Pearl,8.8,971588,戈尔·维宾斯基 Gore Verbinski   主演: 约翰尼·德普 Johnny Depp / ...,导演: 戈尔·维宾斯基 Gore Verbinski   约翰尼·德普 Johnny Depp / ...,,https://movie.douban.com/subject/1298070/,2003,143 分钟,动作 / 奇幻 / 冒险,0.0,C:\Users\项玉婷\Desktop\douban-movie-crawler-250\posters\095_加勒比海盗.jpg,2026-05-13 14:52:19
96,96,海豚湾,The Cove,9.3,383054,路易·西霍尤斯 Louie Psihoyos   主演: 路易·西霍尤斯 Louie Psihoyo...,导演: 路易·西霍尤斯 Louie Psihoyos   路易·西霍尤斯 Louie Psihoyo...,海豚的微笑，是世界上最高明的伪装。,https://movie.douban.com/subject/3442220/,2009,92分钟,纪录片,0.0,C:\Users\项玉婷\Desktop\douban-movie-crawler-250\posters\096_海豚湾.jpg,2026-05-13 14:52:19
97,97,美国往事,Once Upon a Time in America,9.1,473410,赛尔乔·莱翁内 Sergio Leone   主演: 罗伯特·德尼罗 Robert De Niro ...,导演: 赛尔乔·莱翁内 Sergio Leone   罗伯特·德尼罗 Robert De Niro ...,,https://movie.douban.com/subject/1292262/,1984,229分钟(导演剪辑版),剧情 / 犯罪,0.0,C:\Users\项玉婷\Desktop\douban-movie-crawler-250\posters\097_美国往事.jpg,2026-05-13 14:52:20
98,98,红辣椒,パプリカ,9.0,572650,今敏 Satoshi Kon   主演: 林原惠美 Megumi Hayashibara / 江守彻 Toru...,导演: 今敏 Satoshi Kon   林原惠美 Megumi Hayashibara / 江守彻 Toru...,梦的勾结。,https://movie.douban.com/subject/1865703/,2006,90 分钟,科幻 / 动画 / 悬疑 / 惊悚,0.0,C:\Users\项玉婷\Desktop\douban-movie-crawler-250\posters\098_红辣椒.jpg,2026-05-13 14:52:20
99,99,七宗罪,Se7en,8.8,1065431,大卫·芬奇 David Fincher   主演: 摩根·弗里曼 Morgan Freeman / 布...,导演: 大卫·芬奇 David Fincher   摩根·弗里曼 Morgan Freeman / 布...,,https://movie.douban.com/subject/1292223/,1995,127分钟,剧情 / 悬疑 / 惊悚 / 犯罪,0.0,C:\Users\项玉婷\Desktop\douban-movie-crawler-250\posters\099_七宗罪.jpg,2026-05-13 14:52:20
100,100,唐伯虎点秋香,唐伯虎點秋香,8.8,1228203,李力持 Lik-Chi Lee   主演: 周星驰 Stephen Chow / 巩俐 Li Gong / 陈...,导演: 李力持 Lik-Chi Lee   周星驰 Stephen Chow / 巩俐 Li Gong / 陈...,,https://movie.douban.com/subject/1306249/,1993,102 分钟,喜剧 / 爱情 / 古装,0.0,C:\Users\项玉婷\Desktop\douban-movie-crawler-250\posters\100_唐伯虎点秋香.jpg,2026-05-13 14:52:20
101,101,狩猎,Jagten,9.1,472682,托马斯·温特伯格 Thomas Vinterberg   主演: 麦斯·米科尔森 Mads Mik...,导演: 托马斯·温特伯格 Thomas Vinterberg   麦斯·米科尔森 Mads Mik...,人言可畏。,https://movie.douban.com/subject/6985810/,2012,115分钟,剧情,0.0,C:\Users\项玉婷\Desktop\douban-movie-crawler-250\posters\101_狩猎.jpg,2026-05-13 14:52:20
102,102,幽灵公主,もののけ姫,8.9,672110,宫崎骏 Hayao Miyazaki   主演: 松田洋治 Yôji Matsuda / 石田百合...,导演: 宫崎骏 Hayao Miyazaki   松田洋治 Yôji Matsuda / 石田百合...,,https://movie.douban.com/subject/1297359/,2025,134分钟,动画 / 奇幻 / 冒险,0.0,C:\Users\项玉婷\Desktop\douban-movie-crawler-250\posters\102_幽灵公主.jpg,2026-05-13 14:52:20
103,103,甜蜜蜜,,8.9,676519,陈可辛 Peter Chan   主演: 黎明 Leon Lai / 张曼玉 Maggie Cheung / ...,导演: 陈可辛 Peter Chan   黎明 Leon Lai / 张曼玉 Maggie Cheung / ...,,https://movie.douban.com/subject/1305164/,2015,118分钟(中国大陆),剧情 / 爱情,0.0,C:\Users\项玉婷\Desktop\douban-movie-crawler-250\posters\103_甜蜜蜜.jpg,2026-05-13 14:52:20
104,104,寄生虫,기생충,8.8,1552845,奉俊昊 Joon-ho Bong   主演: 宋康昊 Kang-ho Song / 李善均 Seon-gyun...,导演: 奉俊昊 Joon-ho Bong   宋康昊 Kang-ho Song / 李善均 Seon-gyun...,,https://movie.douban.com/subject/27010768/,2019,132分钟,剧情,0.0,C:\Users\项玉婷\Desktop\douban-movie-crawler-250\posters\104_寄生虫.jpg,2026-05-13 14:52:20
105,105,天书奇谭,,9.2,337116,王树忱 Shuchen Wang / 钱运达 Yunda Qian   主演: 丁建华 Jianhua Din...,导演: 王树忱 Shuchen Wang / 钱运达 Yunda Qian   丁建华 Jianhua Din...,,https://movie.douban.com/subject/1428581/,1983,89分钟,动画 / 奇幻,0.0,C:\Users\项玉婷\Desktop\douban-movie-crawler-250\posters\105_天书奇谭.jpg,2026-05-13 14:52:20
106,106,蝙蝠侠：黑暗骑士崛起,The Dark Knight Rises,8.9,816905,克里斯托弗·诺兰 Christopher Nolan   主演: 克里斯蒂安·贝尔 Christ...,导演: 克里斯托弗·诺兰 Christopher Nolan   克里斯蒂安·贝尔 Christ...,诺兰就是保证。,https://movie.douban.com/subject/3395373/,2012,165分钟,剧情 / 动作 / 科幻 / 惊悚 / 犯罪,0.0,C:\Users\项玉婷\Desktop\douban-movie-crawler-250\posters\106_蝙蝠侠：黑暗骑士崛起.jpg,2026-05-13 14:52:20
107,107,超能陆战队,Big Hero 6,8.8,1149362,唐·霍尔 Don Hall / 克里斯·威廉姆斯 Chris Williams   主演: 斯科特...,导演: 唐·霍尔 Don Hall / 克里斯·威廉姆斯 Chris Williams   斯科特...,Balalala~~~,https://movie.douban.com/subject/11026735/,2015,102分钟,喜剧 / 动作 / 科幻 / 动画 / 冒险,0.0,C:\Users\项玉婷\Desktop\douban-movie-crawler-250\posters\107_超能陆战队.jpg,2026-05-13 14:52:20
108,108,7号房的礼物,7번방의 선물,8.9,624083,李焕庆 Hwan-kyeong Lee   主演: 柳承龙 Seung-yong Ryoo / 朴信惠 Shi...,导演: 李焕庆 Hwan-kyeong Lee   柳承龙 Seung-yong Ryoo / 朴信惠 Shi...,《我是山姆》的《美丽人生》。,https://movie.douban.com/subject/10777687/,2013,127分钟,剧情 / 喜剧 / 家庭,0.0,C:\Users\项玉婷\Desktop\douban-movie-crawler-250\posters\108_7号房的礼物.jpg,2026-05-13 14:52:20
109,109,茶馆,,9.5,210921,谢添 Tian Xie   主演: 于是之 Shizhi Yu / 郑榕 Rong Zhen / 蓝天野 T...,导演: 谢添 Tian Xie   于是之 Shizhi Yu / 郑榕 Rong Zhen / 蓝天野 T...,,https://movie.douban.com/subject/1461403/,1982,118分钟,剧情 / 历史,0.0,C:\Users\项玉婷\Desktop\douban-movie-crawler-250\posters\109_茶馆.jpg,2026-05-13 14:52:20
110,110,第六感,The Sixth Sense,8.9,641294,M·奈特·沙马兰 M. Night Shyamalan   主演: 布鲁斯·威利斯 Bruce Wi...,导演: M·奈特·沙马兰 M. Night Shyamalan   布鲁斯·威利斯 Bruce Wi...,,https://movie.douban.com/subject/1297630/,1999,107分钟,剧情 / 悬疑 / 惊悚,0.0,C:\Users\项玉婷\Desktop\douban-movie-crawler-250\posters\110_第六感.jpg,2026-05-13 14:52:20
111,111,爱在黎明破晓前,Before Sunrise,8.8,805304,理查德·林克莱特 Richard Linklater   主演: 伊桑·霍克 Ethan Hawke ...,导演: 理查德·林克莱特 Richard Linklater   伊桑·霍克 Ethan Hawke ...,,https://movie.douban.com/subject/1296339/,1995,101分钟,剧情 / 爱情,0.0,C:\Users\项玉婷\Desktop\douban-movie-crawler-250\posters\111_爱在黎明破晓前.jpg,2026-05-13 14:52:20
112,112,爱在日落黄昏时,Before Sunset,8.9,657318,理查德·林克莱特 Richard Linklater   主演: 伊桑·霍克 Ethan Hawke ...,导演: 理查德·林克莱特 Richard Linklater   伊桑·霍克 Ethan Hawke ...,九年后的重逢是世俗和责任的交叠，没了悸动和青涩，沧桑而温暖。,https://movie.douban.com/subject/1291990/,2004,80 分钟,剧情 / 爱情,0.0,C:\Users\项玉婷\Desktop\douban-movie-crawler-250\posters\112_爱在日落黄昏时.jpg,2026-05-13 14:52:20
113,113,被嫌弃的松子的一生,嫌われ松子の一生,8.8,777327,中岛哲也 Tetsuya Nakashima   主演: 中谷美纪 Miki Nakatani / 瑛太 E...,导演: 中岛哲也 Tetsuya Nakashima   中谷美纪 Miki Nakatani / 瑛太 E...,以戏谑来戏谑戏谑。,https://movie.douban.com/subject/1787291/,2006,130 分钟,剧情 / 歌舞,0.0,C:\Users\项玉婷\Desktop\douban-movie-crawler-250\posters\113_被嫌弃的松子的一生.jpg,2026-05-13 14:52:20
114,114,头脑特工队,Inside Out,8.8,810769,彼特·道格特 Pete Docter / 罗纳尔多·德尔·卡门 Ronaldo Del Carmen  &nb...,,愿我们都不用长大，每一座城堡都能永远存在。,https://movie.douban.com/subject/10533913/,2015,95分钟,喜剧 / 动画 / 冒险,0.0,C:\Users\项玉婷\Desktop\douban-movie-crawler-250\posters\114_头脑特工队.jpg,2026-05-13 14:52:20
115,115,哈利·波特与火焰杯,Harry Potter and the Goblet of Fire,8.8,805596,迈克·内威尔 Mike Newell   主演: 丹尼尔·雷德克里夫 Daniel Radclif...,导演: 迈克·内威尔 Mike Newell   丹尼尔·雷德克里夫 Daniel Radclif...,,https://movie.douban.com/subject/1309055/,2005,157分钟,悬疑 / 奇幻 / 冒险,0.0,C:\Users\项玉婷\Desktop\douban-movie-crawler-250\posters\115_哈利·波特与火焰杯.jpg,2026-05-13 14:52:20
116,116,未麻的部屋,Perfect Blue,9.1,427865,今敏 Satoshi Kon   主演: 岩男润子 Junko Iwao / 松本梨香 Rica Matsu...,导演: 今敏 Satoshi Kon   岩男润子 Junko Iwao / 松本梨香 Rica Matsu...,,https://movie.douban.com/subject/1395091/,1997,81分钟,剧情 / 动画 / 悬疑 / 惊悚 / 犯罪,0.0,C:\Users\项玉婷\Desktop\douban-movie-crawler-250\posters\116_未麻的部屋.jpg,2026-05-13 14:52:20
117,117,重庆森林,重慶森林,8.8,926322,王家卫 Kar Wai Wong   主演: 林青霞 Brigitte Lin / 金城武 Takeshi K...,导演: 王家卫 Kar Wai Wong   林青霞 Brigitte Lin / 金城武 Takeshi K...,,https://movie.douban.com/subject/1291999/,1994,102分钟,剧情 / 爱情,0.0,C:\Users\项玉婷\Desktop\douban-movie-crawler-250\posters\117_重庆森林.jpg,2026-05-13 14:52:20
118,118,借东西的小人阿莉埃蒂,借りぐらしのアリエッティ,8.9,630295,米林宏昌 Hiromasa Yonebayashi   主演: 志田未来 Mirai Shida / 神木...,导演: 米林宏昌 Hiromasa Yonebayashi   志田未来 Mirai Shida / 神木...,曾经的那段美好会沉淀为一辈子的记忆。,https://movie.douban.com/subject/4202302/,2010,94分钟,动画 / 奇幻 / 冒险,0.0,C:\Users\项玉婷\Desktop\douban-movie-crawler-250\posters\118_借东西的小人阿莉埃蒂.jpg,2026-05-13 14:52:20
119,119,菊次郎的夏天,菊次郎の夏,8.9,676087,北野武 Takeshi Kitano   主演: 北野武 Takeshi Kitano / 关口雄介 Yus...,导演: 北野武 Takeshi Kitano   北野武 Takeshi Kitano / 关口雄介 Yus...,,https://movie.douban.com/subject/1293359/,2020,121分钟,剧情 / 喜剧,0.0,C:\Users\项玉婷\Desktop\douban-movie-crawler-250\posters\119_菊次郎的夏天.jpg,2026-05-13 14:52:20
120,120,入殓师,おくりびと,8.9,745075,泷田洋二郎 Yôjirô Takita   主演: 本木雅弘 Masahiro Motoki / ...,导演: 泷田洋二郎 Yôjirô Takita   本木雅弘 Masahiro Motoki / ...,死可能是一道门，逝去并不是终结，而是超越，走向下一程。,https://movie.douban.com/subject/2149806/,2021,130分钟,剧情,0.0,C:\Users\项玉婷\Desktop\douban-movie-crawler-250\posters\120_入殓师.jpg,2026-05-13 14:52:20
121,121,断背山,Brokeback Mountain,8.8,785636,李安 Ang Lee   主演: 希斯·莱杰 Heath Ledger / 杰克·吉伦哈尔 Jake...,导演: 李安 Ang Lee   希斯·莱杰 Heath Ledger / 杰克·吉伦哈尔 Jake...,每个人心中都有一座断背山。,https://movie.douban.com/subject/1418834/,2005,134分钟,剧情 / 爱情 / 同性 / 家庭,0.0,C:\Users\项玉婷\Desktop\douban-movie-crawler-250\posters\121_断背山.jpg,2026-05-13 14:52:20
122,122,剪刀手爱德华,Edward Scissorhands,8.7,1123746,蒂姆·波顿 Tim Burton   主演: 约翰尼·德普 Johnny Depp / 薇诺娜·...,导演: 蒂姆·波顿 Tim Burton   约翰尼·德普 Johnny Depp / 薇诺娜·...,,https://movie.douban.com/subject/1292370/,1990,105分钟,剧情 / 爱情 / 奇幻,0.0,C:\Users\项玉婷\Desktop\douban-movie-crawler-250\posters\122_剪刀手爱德华.jpg,2026-05-13 14:52:20
123,123,勇敢的心,Braveheart,8.9,607293,梅尔·吉布森 Mel Gibson   主演: 梅尔·吉布森 Mel Gibson / 苏菲·玛...,导演: 梅尔·吉布森 Mel Gibson   梅尔·吉布森 Mel Gibson / 苏菲·玛...,,https://movie.douban.com/subject/1294639/,1995,178分钟,剧情 / 动作 / 传记 / 历史 / 战争,0.0,C:\Users\项玉婷\Desktop\douban-movie-crawler-250\posters\123_勇敢的心.jpg,2026-05-13 14:52:20
124,124,时空恋旅人,About Time,8.8,797421,理查德·柯蒂斯 Richard Curtis   主演: 多姆纳尔·格里森 Domhnall Gl...,导演: 理查德·柯蒂斯 Richard Curtis   多姆纳尔·格里森 Domhnall Gl...,把每天当作最后一天般珍惜度过，积极拥抱生活，就是幸福。,https://movie.douban.com/subject/10577869/,2013,123分钟,喜剧 / 爱情 / 奇幻,0.0,C:\Users\项玉婷\Desktop\douban-movie-crawler-250\posters\124_时空恋旅人.jpg,2026-05-13 14:52:20
125,125,驯龙高手,How to Train Your Dragon,8.8,869682,迪恩·德布洛斯 Dean DeBlois / 克里斯·桑德斯 Chris Sanders   主演:...,导演: 迪恩·德布洛斯 Dean DeBlois / 克里斯·桑德斯 Chris Sanders   ...,和谐的生活离不开摸头与被摸头。,https://movie.douban.com/subject/2353023/,2010,98分钟,动画 / 奇幻 / 冒险,0.0,C:\Users\项玉婷\Desktop\douban-movie-crawler-250\posters\125_驯龙高手.jpg,2026-05-13 14:52:20
126,126,傲慢与偏见,Pride & Prejudice,8.7,942764,乔·怀特 Joe Wright   主演: 凯拉·奈特莉 Keira Knightley / 马修·...,导演: 乔·怀特 Joe Wright   凯拉·奈特莉 Keira Knightley / 马修·...,爱是摈弃傲慢与偏见之后的曙光。,https://movie.douban.com/subject/1418200/,2005,129 分钟,剧情 / 爱情,0.0,C:\Users\项玉婷\Desktop\douban-movie-crawler-250\posters\126_傲慢与偏见.jpg,2026-05-13 14:52:20
127,127,消失的爱人,Gone Girl,8.7,1077678,大卫·芬奇 David Fincher   主演: 本·阿弗莱克 Ben Affleck / 罗莎蒙...,导演: 大卫·芬奇 David Fincher   本·阿弗莱克 Ben Affleck / 罗莎蒙...,年度最佳date movie。,https://movie.douban.com/subject/21318488/,2014,149分钟,剧情 / 悬疑 / 惊悚 / 犯罪,0.0,C:\Users\项玉婷\Desktop\douban-movie-crawler-250\posters\127_消失的爱人.jpg,2026-05-13 14:52:20
128,128,无人知晓,誰も知らない,9.1,374449,是枝裕和 Hirokazu Koreeda   主演: 柳乐优弥 Yûya Yagira / 北浦爱...,导演: 是枝裕和 Hirokazu Koreeda   柳乐优弥 Yûya Yagira / 北浦爱...,我的平常生活就是他人的幸福。,https://movie.douban.com/subject/1292337/,2004,141分钟,剧情,0.0,C:\Users\项玉婷\Desktop\douban-movie-crawler-250\posters\128_无人知晓.jpg,2026-05-13 14:52:20
129,129,倩女幽魂,,8.8,838726,程小东 Siu-Tung Ching   主演: 张国荣 Leslie Cheung / 王祖贤 Joey W...,导演: 程小东 Siu-Tung Ching   张国荣 Leslie Cheung / 王祖贤 Joey W...,,https://movie.douban.com/subject/1297447/,2011,96分钟,爱情 / 奇幻 / 武侠 / 古装,0.0,C:\Users\项玉婷\Desktop\douban-movie-crawler-250\posters\129_倩女幽魂.jpg,2026-05-13 14:52:20
130,130,新世界,신세계,8.9,530991,朴勋政 Hoon-jung Park   主演: 李政宰 Jung-Jae Lee / 崔岷植 Min-sik...,导演: 朴勋政 Hoon-jung Park   李政宰 Jung-Jae Lee / 崔岷植 Min-sik...,要做就做得狠一点，这样才能活下去。,https://movie.douban.com/subject/10437779/,2013,135分钟,剧情 / 犯罪,0.0,C:\Users\项玉婷\Desktop\douban-movie-crawler-250\posters\130_新世界.jpg,2026-05-13 14:52:20
131,131,花样年华,花樣年華,8.8,809832,王家卫 Kar Wai Wong   主演: 张曼玉 Maggie Cheung / 梁朝伟 Tony Leu...,导演: 王家卫 Kar Wai Wong   张曼玉 Maggie Cheung / 梁朝伟 Tony Leu...,,https://movie.douban.com/subject/1291557/,2000,103分钟(导演剪辑版),剧情 / 爱情,0.0,C:\Users\项玉婷\Desktop\douban-movie-crawler-250\posters\131_花样年华.jpg,2026-05-13 14:52:20
132,132,玩具总动员3,Toy Story 3,8.9,595741,李·昂克里奇 Lee Unkrich   主演: 汤姆·汉克斯 Tom Hanks / 蒂姆·艾...,导演: 李·昂克里奇 Lee Unkrich   汤姆·汉克斯 Tom Hanks / 蒂姆·艾...,跨度十五年的欢乐与泪水。,https://movie.douban.com/subject/1858711/,2010,103分钟,喜剧 / 动画 / 奇幻 / 冒险,0.0,C:\Users\项玉婷\Desktop\douban-movie-crawler-250\posters\132_玩具总动员3.jpg,2026-05-13 14:52:20
133,133,一个叫欧维的男人决定去死,En man som heter Ove,8.9,572501,汉内斯·赫尔姆 Hannes Holm   主演: 罗夫·拉斯加德 Rolf Lassgård...,导演: 汉内斯·赫尔姆 Hannes Holm   罗夫·拉斯加德 Rolf Lassgård...,惠及一生的美丽。,https://movie.douban.com/subject/26628357/,2015,116分钟,剧情,0.0,C:\Users\项玉婷\Desktop\douban-movie-crawler-250\posters\133_一个叫欧维的男人决定去死.jpg,2026-05-13 14:52:20
134,134,色，戒,,8.7,966624,李安 Ang Lee   主演: 梁朝伟 Tony Leung Chiu Wai / 汤唯 Wei Tang / ...,导演: 李安 Ang Lee   梁朝伟 Tony Leung Chiu Wai / 汤唯 Wei Tang / ...,假戏真情，爱欲深海,https://movie.douban.com/subject/1828115/,2007,158分钟,剧情 / 爱情 / 情色,0.0,C:\Users\项玉婷\Desktop\douban-movie-crawler-250\posters\134_色，戒.jpg,2026-05-13 14:52:20
135,135,完美的世界,A Perfect World,9.1,361701,克林特·伊斯特伍德 Clint Eastwood   主演: 凯文·科斯特纳 Kevin Cos...,导演: 克林特·伊斯特伍德 Clint Eastwood   凯文·科斯特纳 Kevin Cos...,,https://movie.douban.com/subject/1300992/,1993,138分钟,剧情 / 犯罪,0.0,C:\Users\项玉婷\Desktop\douban-movie-crawler-250\posters\135_完美的世界.jpg,2026-05-13 14:52:20
136,136,怪兽电力公司,"Monsters, Inc.",8.8,773917,彼特·道格特 Pete Docter / 大卫·斯沃曼 David Silverman   主演: 约...,导演: 彼特·道格特 Pete Docter / 大卫·斯沃曼 David Silverman   约...,,https://movie.douban.com/subject/1291579/,2001,92分钟,喜剧 / 动画 / 儿童 / 奇幻 / 冒险,0.0,C:\Users\项玉婷\Desktop\douban-movie-crawler-250\posters\136_怪兽电力公司.jpg,2026-05-13 14:52:20
137,137,阳光灿烂的日子,,8.8,698497,姜文 Wen Jiang   主演: 夏雨 Yu Xia / 宁静 Jing Ning / 陶虹 Hong Tao,导演: 姜文 Wen Jiang   夏雨 Yu Xia / 宁静 Jing Ning / 陶虹 Hong Tao,,https://movie.douban.com/subject/1291875/,1995,134分钟(中国大陆),剧情 / 爱情,0.0,C:\Users\项玉婷\Desktop\douban-movie-crawler-250\posters\137_阳光灿烂的日子.jpg,2026-05-13 14:52:20
138,138,教父3,The Godfather: Part III,9.0,434853,弗朗西斯·福特·科波拉 Francis Ford Coppola   主演: 阿尔·帕西诺 A...,导演: 弗朗西斯·福特·科波拉 Francis Ford Coppola   阿尔·帕西诺 A...,,https://movie.douban.com/subject/1294240/,1990,162分钟,剧情 / 犯罪,0.0,C:\Users\项玉婷\Desktop\douban-movie-crawler-250\posters\138_教父3.jpg,2026-05-13 14:52:20
139,139,小森林 夏秋篇,リトル・フォレスト 夏・秋,9.0,475550,森淳一 Junichi Mori   主演: 桥本爱 Ai Hashimoto / 三浦贵大 Takahir...,导演: 森淳一 Junichi Mori   桥本爱 Ai Hashimoto / 三浦贵大 Takahir...,那些静得只能听见呼吸的日子里，你明白孤独即生活。,https://movie.douban.com/subject/25814705/,2014,111分钟,剧情,0.0,C:\Users\项玉婷\Desktop\douban-movie-crawler-250\posters\139_小森林 夏秋篇.jpg,2026-05-13 14:52:20
140,140,天使爱美丽,Le Fabuleux destin d'Amélie Poulain,8.7,1023629,让-皮埃尔·热内 Jean-Pierre Jeunet   主演: 奥黛丽·塔图 Audrey Tau...,导演: 让-皮埃尔·热内 Jean-Pierre Jeunet   奥黛丽·塔图 Audrey Tau...,,https://movie.douban.com/subject/1292215/,2001,122分钟,剧情 / 喜剧 / 爱情,0.0,C:\Users\项玉婷\Desktop\douban-movie-crawler-250\posters\140_天使爱美丽.jpg,2026-05-13 14:52:20
141,141,侧耳倾听,耳をすませば,8.9,522800,近藤喜文 Yoshifumi Kondo   主演: 本名阳子 Youko Honna / 小林桂树 K...,导演: 近藤喜文 Yoshifumi Kondo   本名阳子 Youko Honna / 小林桂树 K...,,https://movie.douban.com/subject/1297052/,1995,111分钟,剧情 / 爱情 / 动画,0.0,C:\Users\项玉婷\Desktop\douban-movie-crawler-250\posters\141_侧耳倾听.jpg,2026-05-13 14:52:20
142,142,哪吒闹海,,9.2,309984,王树忱 Shuchen Wang / 严定宪 Dingxian Yan   主演: 梁正晖 Zhenghui ...,导演: 王树忱 Shuchen Wang / 严定宪 Dingxian Yan   梁正晖 Zhenghui ...,,https://movie.douban.com/subject/1307315/,1979,62分钟,动画 / 奇幻 / 冒险,0.0,C:\Users\项玉婷\Desktop\douban-movie-crawler-250\posters\142_哪吒闹海.jpg,2026-05-13 14:52:20
143,143,九品芝麻官,,8.8,798480,王晶 Jing Wong   主演: 周星驰 Stephen Chow / 吴孟达 Man Tat Ng / ...,导演: 王晶 Jing Wong   周星驰 Stephen Chow / 吴孟达 Man Tat Ng / ...,,https://movie.douban.com/subject/1297518/,1994,108分钟,剧情 / 喜剧 / 古装,0.0,C:\Users\项玉婷\Desktop\douban-movie-crawler-250\posters\143_九品芝麻官.jpg,2026-05-13 14:52:20
144,144,被解救的姜戈,Django Unchained,8.8,696145,昆汀·塔伦蒂诺 Quentin Tarantino   主演: 杰米·福克斯 Jamie Foxx /...,导演: 昆汀·塔伦蒂诺 Quentin Tarantino   杰米·福克斯 Jamie Foxx /...,热血沸腾，那个低俗、性感的无耻混蛋又来了。,https://movie.douban.com/subject/6307447/,2013,163分钟(中国大陆),剧情 / 动作 / 西部 / 冒险,0.0,C:\Users\项玉婷\Desktop\douban-movie-crawler-250\posters\144_被解救的姜戈.jpg,2026-05-13 14:52:20
145,145,请以你的名字呼唤我,Call Me by Your Name,8.8,828700,卢卡·瓜达尼诺 Luca Guadagnino   主演: 艾米·汉莫 Armie Hammer / ...,导演: 卢卡·瓜达尼诺 Luca Guadagnino   艾米·汉莫 Armie Hammer / ...,沉醉在电影的情感和视听氛围中无法自拔。,https://movie.douban.com/subject/26799731/,2017,132分钟,剧情 / 爱情 / 同性,0.0,C:\Users\项玉婷\Desktop\douban-movie-crawler-250\posters\145_请以你的名字呼唤我.jpg,2026-05-13 14:52:20
146,146,幸福终点站,The Terminal,8.8,645256,史蒂文·斯皮尔伯格 Steven Spielberg   主演: 汤姆·汉克斯 Tom Hanks...,导演: 史蒂文·斯皮尔伯格 Steven Spielberg   汤姆·汉克斯 Tom Hanks...,有时候幸福需要等一等。,https://movie.douban.com/subject/1292274/,2005,128分钟,剧情 / 喜剧 / 爱情,0.0,C:\Users\项玉婷\Desktop\douban-movie-crawler-250\posters\146_幸福终点站.jpg,2026-05-13 14:52:20
147,147,釜山行,부산행,8.6,1356153,延尚昊 Sang-ho Yeon   主演: 孔刘 Yoo Gong / 郑有美 Yu-mi Jung / 马...,导演: 延尚昊 Sang-ho Yeon   孔刘 Yoo Gong / 郑有美 Yu-mi Jung / 马...,揭露人性的丧尸题材力作。,https://movie.douban.com/subject/25986180/,2016,118分钟,动作 / 惊悚 / 灾难,0.0,C:\Users\项玉婷\Desktop\douban-movie-crawler-250\posters\147_釜山行.jpg,2026-05-13 14:52:20
148,148,神偷奶爸,Despicable Me,8.7,1050998,皮艾尔·柯芬 Pierre Coffin / 克里斯·雷纳德 Chris Renaud   主演: ...,导演: 皮艾尔·柯芬 Pierre Coffin / 克里斯·雷纳德 Chris Renaud   ...,Mr. I Don't Care其实也有Care的时候。,https://movie.douban.com/subject/3287562/,2010,95分钟,喜剧 / 动画 / 冒险,0.0,C:\Users\项玉婷\Desktop\douban-movie-crawler-250\posters\148_神偷奶爸.jpg,2026-05-13 14:52:20
149,149,小森林 冬春篇,リトル・フォレスト 冬・春,9.0,422502,森淳一 Junichi Mori   主演: 桥本爱 Ai Hashimoto / 三浦贵大 Takahir...,导演: 森淳一 Junichi Mori   桥本爱 Ai Hashimoto / 三浦贵大 Takahir...,尊敬他人，尊敬你生活的这片土地，明白孤独是人生的常态。,https://movie.douban.com/subject/25814707/,2015,120分钟,剧情,0.0,C:\Users\项玉婷\Desktop\douban-movie-crawler-250\posters\149_小森林 冬春篇.jpg,2026-05-13 14:52:20
150,150,喜宴,囍宴,9.0,434571,李安 Ang Lee   主演: 赵文瑄 Winston Chao / 归亚蕾 Ya-lei Kuei / 郎...,导演: 李安 Ang Lee   赵文瑄 Winston Chao / 归亚蕾 Ya-lei Kuei / 郎...,,https://movie.douban.com/subject/1303037/,1993,108分钟,剧情 / 喜剧 / 爱情 / 同性 / 家庭,0.0,C:\Users\项玉婷\Desktop\douban-movie-crawler-250\posters\150_喜宴.jpg,2026-05-13 14:52:20
151,151,萤火之森,蛍火の杜へ,8.8,614415,大森贵弘 Takahiro Omori   主演: 佐仓绫音 Ayane Sakura / 内山昂辉 K...,导演: 大森贵弘 Takahiro Omori   佐仓绫音 Ayane Sakura / 内山昂辉 K...,触不到的恋人。,https://movie.douban.com/subject/5989818/,2011,45分钟,剧情 / 爱情 / 动画 / 奇幻,0.0,C:\Users\项玉婷\Desktop\douban-movie-crawler-250\posters\151_萤火之森.jpg,2026-05-13 14:52:20
152,152,告白,,8.8,746923,中岛哲也 Tetsuya Nakashima   主演: 松隆子 Takako Matsu / 冈田将生 ...,导演: 中岛哲也 Tetsuya Nakashima   松隆子 Takako Matsu / 冈田将生 ...,没有一人完全善，也没有一人完全恶。,https://movie.douban.com/subject/4268598/,2010,106分钟,剧情 / 悬疑,0.0,C:\Users\项玉婷\Desktop\douban-movie-crawler-250\posters\152_告白.jpg,2026-05-13 14:52:20
153,153,七武士,七人の侍,9.3,237323,黑泽明 Akira Kurosawa   主演: 三船敏郎 Toshirô Mifune / 志村乔 ...,导演: 黑泽明 Akira Kurosawa   三船敏郎 Toshirô Mifune / 志村乔 ...,,https://movie.douban.com/subject/1295399/,1954,207分钟,剧情 / 动作 / 冒险,0.0,C:\Users\项玉婷\Desktop\douban-movie-crawler-250\posters\153_七武士.jpg,2026-05-13 14:52:20
154,154,玛丽和麦克斯,Mary and Max,9.0,472850,亚当·艾略特 Adam Elliot   主演: 托妮·科莱特 Toni Collette / 菲利...,导演: 亚当·艾略特 Adam Elliot   托妮·科莱特 Toni Collette / 菲利...,你是我最好的朋友，你是我唯一的朋友 。,https://movie.douban.com/subject/3072124/,2025,90分钟(中国大陆),剧情 / 喜剧 / 动画,0.0,C:\Users\项玉婷\Desktop\douban-movie-crawler-250\posters\154_玛丽和麦克斯.jpg,2026-05-13 14:52:20
155,155,头号玩家,Ready Player One,8.6,1523190,史蒂文·斯皮尔伯格 Steven Spielberg   主演: 泰伊·谢里丹 Tye Sheri...,导演: 史蒂文·斯皮尔伯格 Steven Spielberg   泰伊·谢里丹 Tye Sheri...,写给影迷，动漫迷和游戏迷的一封情书。,https://movie.douban.com/subject/4920389/,2018,140分钟,动作 / 科幻 / 冒险,0.0,C:\Users\项玉婷\Desktop\douban-movie-crawler-250\posters\155_头号玩家.jpg,2026-05-13 14:52:20
156,156,模仿游戏,The Imitation Game,8.8,723061,莫滕·泰杜姆 Morten Tyldum   主演: 本尼迪克特·康伯巴奇 Benedict C...,导演: 莫滕·泰杜姆 Morten Tyldum   本尼迪克特·康伯巴奇 Benedict C...,他给机器起名“克里斯托弗”，因为这是他初恋的名字。,https://movie.douban.com/subject/10463953/,2015,114分钟,剧情 / 同性 / 传记 / 战争,0.0,C:\Users\项玉婷\Desktop\douban-movie-crawler-250\posters\156_模仿游戏.jpg,2026-05-13 14:52:20
157,157,惊魂记,Psycho,9.0,358890,阿尔弗雷德·希区柯克 Alfred Hitchcock   主演: 安东尼·博金斯 Antho...,导演: 阿尔弗雷德·希区柯克 Alfred Hitchcock   安东尼·博金斯 Antho...,,https://movie.douban.com/subject/1293181/,1960,109分钟,悬疑 / 惊悚 / 恐怖,0.0,C:\Users\项玉婷\Desktop\douban-movie-crawler-250\posters\157_惊魂记.jpg,2026-05-13 14:52:20
158,158,机器人之梦,Robot Dreams,9.1,445186,巴勃罗·贝格尔 Pablo Berger   主演: 伊万·拉班达 Ivan Labanda,导演: 巴勃罗·贝格尔 Pablo Berger   伊万·拉班达 Ivan Labanda,,https://movie.douban.com/subject/35426925/,2024,102分钟,剧情 / 动画 / 音乐,0.0,C:\Users\项玉婷\Desktop\douban-movie-crawler-250\posters\158_机器人之梦.jpg,2026-05-13 14:52:20
159,159,大鱼,Big Fish,8.8,629491,蒂姆·波顿 Tim Burton   主演: 伊万·麦克格雷格 Ewan McGregor / 阿...,导演: 蒂姆·波顿 Tim Burton   伊万·麦克格雷格 Ewan McGregor / 阿...,,https://movie.douban.com/subject/1291545/,2003,125分钟,剧情 / 爱情 / 奇幻 / 冒险,0.0,C:\Users\项玉婷\Desktop\douban-movie-crawler-250\posters\159_大鱼.jpg,2026-05-13 14:52:20
160,160,心灵奇旅,Soul,8.7,1149233,彼特·道格特 Pete Docter / 凯普·鲍尔斯 Kemp Powers   主演: 杰米·...,导演: 彼特·道格特 Pete Docter / 凯普·鲍尔斯 Kemp Powers   杰米·...,,https://movie.douban.com/subject/24733428/,2020,100分钟,动画 / 音乐 / 奇幻,0.0,C:\Users\项玉婷\Desktop\douban-movie-crawler-250\posters\160_心灵奇旅.jpg,2026-05-13 14:52:20
161,161,背靠背，脸对脸,,9.5,181665,黄建新 Jianxin Huang / 杨亚洲 Yazhou Yang   主演: 牛振华 Zhenhua N...,导演: 黄建新 Jianxin Huang / 杨亚洲 Yazhou Yang   牛振华 Zhenhua N...,,https://movie.douban.com/subject/1307856/,1994,148分钟,剧情,0.0,C:\Users\项玉婷\Desktop\douban-movie-crawler-250\posters\161_背靠背，脸对脸.jpg,2026-05-13 14:52:20
162,162,血战钢锯岭,Hacksaw Ridge,8.7,862982,梅尔·吉布森 Mel Gibson   主演: 安德鲁·加菲尔德 Andrew Garfield /...,导演: 梅尔·吉布森 Mel Gibson   安德鲁·加菲尔德 Andrew Garfield /...,优秀的战争片不会美化战场，不会粉饰死亡，不会矮化敌人，不会无视常识，最重要的，不会宣扬战争。,https://movie.douban.com/subject/26325320/,2016,139分钟(中国大陆),剧情 / 传记 / 历史 / 战争,0.0,C:\Users\项玉婷\Desktop\douban-movie-crawler-250\posters\162_血战钢锯岭.jpg,2026-05-13 14:52:20
163,163,射雕英雄传之东成西就,射鵰英雄傳之東成西就,8.7,720800,刘镇伟 Jeffrey Lau   主演: 梁朝伟 Tony Leung Chiu Wai / 林青霞 Bri...,导演: 刘镇伟 Jeffrey Lau   梁朝伟 Tony Leung Chiu Wai / 林青霞 Bri...,,https://movie.douban.com/subject/1316510/,1993,113分钟(香港),喜剧 / 奇幻 / 武侠 / 古装,0.0,C:\Users\项玉婷\Desktop\douban-movie-crawler-250\posters\163_射雕英雄传之东成西就.jpg,2026-05-13 14:52:20
164,164,你的名字。,君の名は。,8.5,1600412,新海诚 Makoto Shinkai   主演: 神木隆之介 Ryûnosuke Kamiki / 上...,导演: 新海诚 Makoto Shinkai   神木隆之介 Ryûnosuke Kamiki / 上...,穿越错位的时空，仰望陨落的星辰，你没留下你的名字，我却无法忘记那句“我爱你”。,https://movie.douban.com/subject/26683290/,2016,106分钟,剧情 / 爱情 / 动画,0.0,C:\Users\项玉婷\Desktop\douban-movie-crawler-250\posters\164_你的名字。.jpg,2026-05-13 14:52:20
165,165,我是山姆,I Am Sam,9.0,378584,杰茜·尼尔森 Jessie Nelson   主演: Sean Penn / Dakota Fanning / Mi...,导演: 杰茜·尼尔森 Jessie Nelson   Sean Penn / Dakota Fanning / Mi...,,https://movie.douban.com/subject/1306861/,2001,132 分钟,剧情 / 家庭,0.0,C:\Users\项玉婷\Desktop\douban-movie-crawler-250\posters\165_我是山姆.jpg,2026-05-13 14:52:20
166,166,阳光姐妹淘,써니,8.8,641043,姜炯哲 Hyeong-Cheol Kang   主演: 沈恩京 Eun-kyung Shim / 闵孝琳 Hy...,导演: 姜炯哲 Hyeong-Cheol Kang   沈恩京 Eun-kyung Shim / 闵孝琳 Hy...,再多各自牛逼的时光，也比不上一起傻逼的岁月。,https://movie.douban.com/subject/4917726/,2011,124分钟,剧情 / 喜剧,0.0,C:\Users\项玉婷\Desktop\douban-movie-crawler-250\posters\166_阳光姐妹淘.jpg,2026-05-13 14:52:20
167,167,末路狂花,Thelma & Louise,9.0,352941,雷德利·斯科特 Ridley Scott   主演: 吉娜·戴维斯 Geena Davis / 苏...,导演: 雷德利·斯科特 Ridley Scott   吉娜·戴维斯 Geena Davis / 苏...,,https://movie.douban.com/subject/1291992/,1991,130 分钟,剧情 / 惊悚 / 犯罪,0.0,C:\Users\项玉婷\Desktop\douban-movie-crawler-250\posters\167_末路狂花.jpg,2026-05-13 14:52:20
168,168,恐怖直播,더 테러 라이브,8.7,731560,金秉祐 Byeong-woo Kim   主演: 河正宇 Jung-woo Ha / 李璟荣 Kyeong-y...,导演: 金秉祐 Byeong-woo Kim   河正宇 Jung-woo Ha / 李璟荣 Kyeong-y...,恐怖分子的“秋菊打官司”。,https://movie.douban.com/subject/21360417/,2013,97分钟,剧情 / 悬疑 / 犯罪,0.0,C:\Users\项玉婷\Desktop\douban-movie-crawler-250\posters\168_恐怖直播.jpg,2026-05-13 14:52:20
169,169,黑客帝国3：矩阵革命,The Matrix Revolutions,8.8,499714,拉娜·沃卓斯基 Lana Wachowski / 莉莉·沃卓斯基 Lilly Wachowski   ...,,,https://movie.douban.com/subject/1302467/,2003,129 分钟,动作 / 科幻,0.0,C:\Users\项玉婷\Desktop\douban-movie-crawler-250\posters\169_黑客帝国3：矩阵革命.jpg,2026-05-13 14:52:20
170,170,高山下的花环,,9.5,161550,谢晋 Jin Xie   主演: 吕晓禾 Xiaohe Lü / 唐国强 Guoqiang Tang / 何...,导演: 谢晋 Jin Xie   吕晓禾 Xiaohe Lü / 唐国强 Guoqiang Tang / 何...,,https://movie.douban.com/subject/1422283/,1984,146分钟,剧情 / 战争,0.0,C:\Users\项玉婷\Desktop\douban-movie-crawler-250\posters\170_高山下的花环.jpg,2026-05-13 14:52:20
171,171,小丑,Joker,8.7,1129445,托德·菲利普斯 Todd Phillips   主演: 杰昆·菲尼克斯 Joaquin Phoeni...,导演: 托德·菲利普斯 Todd Phillips   杰昆·菲尼克斯 Joaquin Phoeni...,,https://movie.douban.com/subject/27119724/,2019,122分钟,剧情 / 惊悚 / 犯罪,9.7,C:\Users\项玉婷\Desktop\douban-movie-crawler-250\posters\171_小丑.jpg,2026-05-13 14:52:20
172,172,谍影重重3,The Bourne Ultimatum,8.9,473553,保罗·格林格拉斯 Paul Greengrass   主演: 马特·达蒙 Matt Damon / ...,导演: 保罗·格林格拉斯 Paul Greengrass   马特·达蒙 Matt Damon / ...,像吃了苏打饼一样干脆的电影。,https://movie.douban.com/subject/1578507/,2007,115分钟,动作 / 悬疑 / 惊悚,0.0,C:\Users\项玉婷\Desktop\douban-movie-crawler-250\posters\172_谍影重重3.jpg,2026-05-13 14:52:20
173,173,三块广告牌,"Three Billboards Outside Ebbing, Missouri",8.7,924235,马丁·麦克唐纳 Martin McDonagh   主演: 弗兰西斯·麦克多蒙德 France...,导演: 马丁·麦克唐纳 Martin McDonagh   弗兰西斯·麦克多蒙德 France...,怼天怼地，你走后，她与世界为敌。,https://movie.douban.com/subject/26611804/,2018,115分钟,剧情 / 犯罪,0.0,C:\Users\项玉婷\Desktop\douban-movie-crawler-250\posters\173_三块广告牌.jpg,2026-05-13 14:52:20
174,174,电锯惊魂,Saw,8.7,616591,詹姆斯·温 James Wan   主演: 雷·沃纳尔 Leigh Whannell / 加利·艾...,导演: 詹姆斯·温 James Wan   雷·沃纳尔 Leigh Whannell / 加利·艾...,真相就在眼前。,https://movie.douban.com/subject/1417598/,2004,103分钟,悬疑 / 惊悚 / 恐怖,0.0,C:\Users\项玉婷\Desktop\douban-movie-crawler-250\posters\174_电锯惊魂.jpg,2026-05-13 14:52:20
175,175,无间道2,無間道II,8.8,571240,刘伟强 Andrew Lau / 麦兆辉 Alan Mak   主演: 陈冠希 Edison Chen / ...,导演: 刘伟强 Andrew Lau / 麦兆辉 Alan Mak   陈冠希 Edison Chen / ...,,https://movie.douban.com/subject/1307106/,2003,119分钟,剧情 / 惊悚 / 犯罪,0.0,C:\Users\项玉婷\Desktop\douban-movie-crawler-250\posters\175_无间道2.jpg,2026-05-13 14:52:20
176,176,达拉斯买家俱乐部,Dallas Buyers Club,8.8,508811,让-马克·瓦雷 Jean-Marc Vallée   主演: 马修·麦康纳 Matthew McCon...,导演: 让-马克·瓦雷 Jean-Marc Vallée   马修·麦康纳 Matthew McCon...,Jared Leto的腿比女人还美！,https://movie.douban.com/subject/1793929/,2013,117分钟,剧情 / 同性 / 传记,0.0,C:\Users\项玉婷\Desktop\douban-movie-crawler-250\posters\176_达拉斯买家俱乐部.jpg,2026-05-13 14:52:20
177,177,疯狂原始人,The Croods,8.7,925243,科克·德·米科 Kirk De Micco / 克里斯·桑德斯 Chris Sanders   主演...,导演: 科克·德·米科 Kirk De Micco / 克里斯·桑德斯 Chris Sanders   ...,老少皆宜，这就是好莱坞动画的魅力。,https://movie.douban.com/subject/1907966/,2013,98分钟,喜剧 / 动画 / 冒险,0.0,C:\Users\项玉婷\Desktop\douban-movie-crawler-250\posters\177_疯狂原始人.jpg,2026-05-13 14:52:20
178,178,绿里奇迹,The Green Mile,8.9,390741,弗兰克·德拉邦特 Frank Darabont   主演: 汤姆·汉克斯 Tom Hanks / ...,导演: 弗兰克·德拉邦特 Frank Darabont   汤姆·汉克斯 Tom Hanks / ...,,https://movie.douban.com/subject/1300374/,1999,189 分钟,剧情 / 悬疑 / 犯罪 / 奇幻,0.0,C:\Users\项玉婷\Desktop\douban-movie-crawler-250\posters\178_绿里奇迹.jpg,2026-05-13 14:52:20
179,179,爱在午夜降临前,Before Midnight,8.9,477432,理查德·林克莱特 Richard Linklater   主演: 伊桑·霍克 Ethan Hawke ...,导演: 理查德·林克莱特 Richard Linklater   伊桑·霍克 Ethan Hawke ...,所谓爱情，就是话唠一路，都不会心生腻烦，彼此嫌弃。,https://movie.douban.com/subject/10808442/,2013,109分钟,剧情 / 爱情,0.0,C:\Users\项玉婷\Desktop\douban-movie-crawler-250\posters\179_爱在午夜降临前.jpg,2026-05-13 14:52:20
180,180,疯狂的石头,,8.6,930559,宁浩 Hao Ning   主演: 郭涛 Tao Guo / 刘桦 Hua Liu / 连晋 Teddy Lin,导演: 宁浩 Hao Ning   郭涛 Tao Guo / 刘桦 Hua Liu / 连晋 Teddy Lin,中国版《两杆大烟枪》。,https://movie.douban.com/subject/1862151/,2006,106分钟(香港),喜剧 / 犯罪,0.0,C:\Users\项玉婷\Desktop\douban-movie-crawler-250\posters\180_疯狂的石头.jpg,2026-05-13 14:52:20
181,181,雨中曲,Singin' in the Rain,9.1,270800,斯坦利·多南 Stanley Donen / 吉恩·凯利 Gene Kelly   主演: 吉恩·...,导演: 斯坦利·多南 Stanley Donen / 吉恩·凯利 Gene Kelly   吉恩·...,,https://movie.douban.com/subject/1293460/,1952,103分钟,喜剧 / 爱情 / 歌舞,0.0,C:\Users\项玉婷\Desktop\douban-movie-crawler-250\posters\181_雨中曲.jpg,2026-05-13 14:52:20
182,182,2001太空漫游,2001: A Space Odyssey,8.9,399781,斯坦利·库布里克 Stanley Kubrick   主演: 凯尔·杜拉 Keir Dullea / ...,导演: 斯坦利·库布里克 Stanley Kubrick   凯尔·杜拉 Keir Dullea / ...,,https://movie.douban.com/subject/1292226/,1968,149分钟,科幻 / 惊悚 / 冒险,0.0,C:\Users\项玉婷\Desktop\douban-movie-crawler-250\posters\182_2001太空漫游.jpg,2026-05-13 14:52:20
183,183,海街日记,海街diary,8.8,524733,是枝裕和 Hirokazu Koreeda   主演: 绫濑遥 Haruka Ayase / 长泽雅美 M...,导演: 是枝裕和 Hirokazu Koreeda   绫濑遥 Haruka Ayase / 长泽雅美 M...,是枝裕和的家庭习作。,https://movie.douban.com/subject/25895901/,2015,127分钟,剧情 / 家庭,0.0,C:\Users\项玉婷\Desktop\douban-movie-crawler-250\posters\183_海街日记.jpg,2026-05-13 14:52:20
184,184,风之谷,風の谷のナウシカ,8.9,395344,宫崎骏 Hayao Miyazaki   主演: 岛本须美 Sumi Shimamoto / 松田洋治 Y...,导演: 宫崎骏 Hayao Miyazaki   岛本须美 Sumi Shimamoto / 松田洋治 Y...,,https://movie.douban.com/subject/1291585/,1992,117分钟,动画 / 奇幻 / 冒险,0.0,C:\Users\项玉婷\Desktop\douban-movie-crawler-250\posters\184_风之谷.jpg,2026-05-13 14:52:20
185,185,上帝之城,Cidade de Deus,9.0,334987,费尔南多·梅里尔斯 Fernando Meirelles / 卡迪亚·兰德 Kátia Lund   ...,,,https://movie.douban.com/subject/1292208/,2002,130分钟,剧情 / 犯罪,0.0,C:\Users\项玉婷\Desktop\douban-movie-crawler-250\posters\185_上帝之城.jpg,2026-05-13 14:52:20
186,186,心迷宫,,8.7,621800,忻钰坤 Yukun Xin   主演: 霍卫民 Weimin Huo / 王笑天 Xiaotian Wang ...,导演: 忻钰坤 Yukun Xin   霍卫民 Weimin Huo / 王笑天 Xiaotian Wang ...,荒诞讽刺，千奇百巧，抽丝剥茧，百转千回。,https://movie.douban.com/subject/25917973/,2015,110分钟(中国大陆),剧情 / 悬疑 / 犯罪,0.0,C:\Users\项玉婷\Desktop\douban-movie-crawler-250\posters\186_心迷宫.jpg,2026-05-13 14:52:20
187,187,英雄本色,,8.6,609474,吴宇森 John Woo   主演: 周润发 Yun-Fat Chow / 狄龙 Lung Ti / 张国...,导演: 吴宇森 John Woo   周润发 Yun-Fat Chow / 狄龙 Lung Ti / 张国...,,https://movie.douban.com/subject/1297574/,2017,95分钟,剧情 / 动作 / 犯罪,0.0,C:\Users\项玉婷\Desktop\douban-movie-crawler-250\posters\187_英雄本色.jpg,2026-05-13 14:52:20
188,188,记忆碎片,Memento,8.7,673595,克里斯托弗·诺兰 Christopher Nolan   主演: 盖·皮尔斯 Guy Pearce /...,导演: 克里斯托弗·诺兰 Christopher Nolan   盖·皮尔斯 Guy Pearce /...,,https://movie.douban.com/subject/1304447/,2026,113分钟,剧情 / 悬疑 / 惊悚 / 犯罪,0.0,C:\Users\项玉婷\Desktop\douban-movie-crawler-250\posters\188_记忆碎片.jpg,2026-05-13 14:52:20
189,189,纵横四海,縱橫四海,8.8,486222,吴宇森 John Woo   主演: 周润发 Yun-Fat Chow / 张国荣 Leslie Cheung...,导演: 吴宇森 John Woo   周润发 Yun-Fat Chow / 张国荣 Leslie Cheung...,,https://movie.douban.com/subject/1295409/,2026,109分钟,剧情 / 喜剧 / 动作 / 犯罪,0.0,C:\Users\项玉婷\Desktop\douban-movie-crawler-250\posters\189_纵横四海.jpg,2026-05-13 14:52:20
190,190,无敌破坏王,Wreck-It Ralph,8.7,615198,瑞奇·莫尔 Rich Moore   主演: 约翰·C·赖利 John C. Reilly / 萨拉...,导演: 瑞奇·莫尔 Rich Moore   约翰·C·赖利 John C. Reilly / 萨拉...,迪士尼和皮克斯拿错剧本的产物。,https://movie.douban.com/subject/6534248/,2012,101分钟,喜剧 / 动画 / 奇幻 / 冒险,0.0,C:\Users\项玉婷\Desktop\douban-movie-crawler-250\posters\190_无敌破坏王.jpg,2026-05-13 14:52:20
191,191,卢旺达饭店,Hotel Rwanda,8.9,369017,特瑞·乔治 Terry George   主演: 唐·钱德尔 Don Cheadle / 苏菲·奥...,导演: 特瑞·乔治 Terry George   唐·钱德尔 Don Cheadle / 苏菲·奥...,当这个世界闭上双眼，他却敞开了怀抱。,https://movie.douban.com/subject/1291822/,2004,121分钟,剧情 / 传记 / 历史 / 战争,0.0,C:\Users\项玉婷\Desktop\douban-movie-crawler-250\posters\191_卢旺达饭店.jpg,2026-05-13 14:52:20
192,192,牯岭街少年杀人事件,牯嶺街少年殺人事件,8.9,372710,杨德昌 Edward Yang   主演: 张震 Chen Chang / 杨静怡 Lisa Yang / 张...,导演: 杨德昌 Edward Yang   张震 Chen Chang / 杨静怡 Lisa Yang / 张...,,https://movie.douban.com/subject/1292329/,1991,237分钟(导演剪辑版),剧情 / 犯罪,0.0,C:\Users\项玉婷\Desktop\douban-movie-crawler-250\posters\192_牯岭街少年杀人事件.jpg,2026-05-13 14:52:20
193,193,恐怖游轮,Triangle,8.5,996862,克里斯托弗·史密斯 Christopher Smith   主演: 梅利莎·乔治 Melissa ...,导演: 克里斯托弗·史密斯 Christopher Smith   梅利莎·乔治 Melissa ...,不要企图在重复中寻找已经失去的爱。,https://movie.douban.com/subject/3011051/,2009,99分钟,科幻 / 悬疑 / 惊悚 / 奇幻,0.0,C:\Users\项玉婷\Desktop\douban-movie-crawler-250\posters\193_恐怖游轮.jpg,2026-05-13 14:52:20
194,194,东京教父,東京ゴッドファーザーズ,9.0,293699,今敏 Satoshi Kon   主演: 江守彻 Toru Emori / 梅垣义明 Yoshiaki Ume...,导演: 今敏 Satoshi Kon   江守彻 Toru Emori / 梅垣义明 Yoshiaki Ume...,,https://movie.douban.com/subject/1310177/,2003,92分钟,剧情 / 喜剧 / 动画,0.0,C:\Users\项玉婷\Desktop\douban-movie-crawler-250\posters\194_东京教父.jpg,2026-05-13 14:52:20
195,195,小偷家族,万引き家族,8.7,898905,是枝裕和 Hirokazu Koreeda   主演: 中川雅也 Lily Franky / 安藤樱 Sa...,导演: 是枝裕和 Hirokazu Koreeda   中川雅也 Lily Franky / 安藤樱 Sa...,我们组成了家。,https://movie.douban.com/subject/27622447/,2018,117分钟(中国大陆),剧情 / 家庭 / 犯罪,0.0,C:\Users\项玉婷\Desktop\douban-movie-crawler-250\posters\195_小偷家族.jpg,2026-05-13 14:52:20
196,196,魔女宅急便,魔女の宅急便,8.7,527802,宫崎骏 Hayao Miyazaki   主演: 高山南 Minami Takayama / 佐久间玲 Re...,导演: 宫崎骏 Hayao Miyazaki   高山南 Minami Takayama / 佐久间玲 Re...,,https://movie.douban.com/subject/1307811/,1989,103分钟,动画 / 奇幻 / 冒险,0.0,C:\Users\项玉婷\Desktop\douban-movie-crawler-250\posters\196_魔女宅急便.jpg,2026-05-13 14:52:20
197,197,冰川时代,Ice Age,8.7,689023,卡洛斯·沙尔丹哈 Carlos Saldanha / 克里斯·韦奇 Chris Wedge   主演...,导演: 卡洛斯·沙尔丹哈 Carlos Saldanha / 克里斯·韦奇 Chris Wedge   ...,,https://movie.douban.com/subject/1291578/,2002,81分钟,喜剧 / 动画 / 冒险,0.0,C:\Users\项玉婷\Desktop\douban-movie-crawler-250\posters\197_冰川时代.jpg,2026-05-13 14:52:20
198,198,芙蓉镇,,9.3,191987,谢晋 Jin Xie   主演: 刘晓庆 Xiaoqing Liu / 姜文 Wen Jiang / 郑在石...,导演: 谢晋 Jin Xie   刘晓庆 Xiaoqing Liu / 姜文 Wen Jiang / 郑在石...,,https://movie.douban.com/subject/1297880/,1987,164 分钟,剧情 / 爱情,0.0,C:\Users\项玉婷\Desktop\douban-movie-crawler-250\posters\198_芙蓉镇.jpg,2026-05-13 14:52:20
199,199,忠犬八公物语,ハチ公物語,9.2,219902,神山征二郎 Seijirô Kôyama   主演: 仲代达矢 Tatsuya Nakadai /...,导演: 神山征二郎 Seijirô Kôyama   仲代达矢 Tatsuya Nakadai /...,,https://movie.douban.com/subject/1959195/,1987,107 分钟,剧情,0.0,C:\Users\项玉婷\Desktop\douban-movie-crawler-250\posters\199_忠犬八公物语.jpg,2026-05-13 14:52:20
200,200,岁月神偷,歲月神偷,8.7,614497,罗启锐 Alex Law   主演: 吴君如 Sandra Ng / 任达华 Simon Yam / 钟绍...,导演: 罗启锐 Alex Law   吴君如 Sandra Ng / 任达华 Simon Yam / 钟绍...,岁月流逝，来日可追。,https://movie.douban.com/subject/3792799/,2010,117分钟,剧情 / 家庭,0.0,C:\Users\项玉婷\Desktop\douban-movie-crawler-250\posters\200_岁月神偷.jpg,2026-05-13 14:52:20
201,201,遗愿清单,The Bucket List,8.7,542407,罗伯·莱纳 Rob Reiner   主演: 杰克·尼科尔森 Jack Nicholson / 摩根...,导演: 罗伯·莱纳 Rob Reiner   杰克·尼科尔森 Jack Nicholson / 摩根...,用剩余不多的时间，去燃烧整个生命。,https://movie.douban.com/subject/1867345/,2007,97 分钟,剧情 / 喜剧 / 冒险,0.0,C:\Users\项玉婷\Desktop\douban-movie-crawler-250\posters\201_遗愿清单.jpg,2026-05-13 14:52:20
202,202,荒蛮故事,Relatos salvajes,8.7,521087,达米安·斯兹弗隆 Damián Szifron   主演: 达里奥·葛兰帝内提 Darío...,导演: 达米安·斯兹弗隆 Damián Szifron   达里奥·葛兰帝内提 Darío...,始于荒诞，止于更荒诞。,https://movie.douban.com/subject/24750126/,2025,122分钟,剧情 / 喜剧 / 犯罪,0.0,C:\Users\项玉婷\Desktop\douban-movie-crawler-250\posters\202_荒蛮故事.jpg,2026-05-13 14:52:20
203,203,大佛普拉斯,,8.7,558036,黄信尧 Hsin-yao Huang   主演: 庄益增 Yizeng Zhuang / 陈竹昇 Chu-sh...,导演: 黄信尧 Hsin-yao Huang   庄益增 Yizeng Zhuang / 陈竹昇 Chu-sh...,人们可以登上月球，却永远无法探索人们内心的宇宙。,https://movie.douban.com/subject/27059130/,2017,102分钟,剧情 / 喜剧,0.0,C:\Users\项玉婷\Desktop\douban-movie-crawler-250\posters\203_大佛普拉斯.jpg,2026-05-13 14:52:20
204,204,源代码,Source Code,8.6,931295,邓肯·琼斯 Duncan Jones   主演: 杰克·吉伦哈尔 Jake Gyllenhaal / ...,导演: 邓肯·琼斯 Duncan Jones   杰克·吉伦哈尔 Jake Gyllenhaal / ...,邓肯·琼斯继《月球》之后再度奉献出一部精彩绝伦的科幻佳作。,https://movie.douban.com/subject/3075287/,2011,93分钟,科幻 / 悬疑 / 惊悚,0.0,C:\Users\项玉婷\Desktop\douban-movie-crawler-250\posters\204_源代码.jpg,2026-05-13 14:52:20
205,205,花束般的恋爱,花束みたいな恋をした,8.6,836187,土井裕泰 Nobuhiro Doi   主演: 菅田将晖 Masaki Suda / 有村架纯 Kasu...,导演: 土井裕泰 Nobuhiro Doi   菅田将晖 Masaki Suda / 有村架纯 Kasu...,,https://movie.douban.com/subject/34874432/,2022,124分钟,剧情 / 爱情,0.0,C:\Users\项玉婷\Desktop\douban-movie-crawler-250\posters\205_花束般的恋爱.jpg,2026-05-13 14:52:20
206,206,白日梦想家,The Secret Life of Walter Mitty,8.6,655414,本·斯蒂勒 Ben Stiller   主演: 本·斯蒂勒 Ben Stiller / 克里斯汀·...,导演: 本·斯蒂勒 Ben Stiller   本·斯蒂勒 Ben Stiller / 克里斯汀·...,,https://movie.douban.com/subject/2133323/,2013,114分钟,剧情 / 喜剧 / 冒险,0.0,C:\Users\项玉婷\Desktop\douban-movie-crawler-250\posters\206_白日梦想家.jpg,2026-05-13 14:52:20
207,207,爱乐之城,La La Land,8.4,1128755,达米恩·查泽雷 Damien Chazelle   主演: 瑞恩·高斯林 Ryan Gosling /...,导演: 达米恩·查泽雷 Damien Chazelle   瑞恩·高斯林 Ryan Gosling /...,,https://movie.douban.com/subject/25934014/,2017,128分钟,剧情 / 爱情 / 歌舞,0.0,C:\Users\项玉婷\Desktop\douban-movie-crawler-250\posters\207_爱乐之城.jpg,2026-05-13 14:52:20
208,208,疯狂的麦克斯4：狂暴之路,Mad Max: Fury Road,8.7,622025,乔治·米勒 George Miller   主演: 汤姆·哈迪 Tom Hardy / 查理兹·塞...,导演: 乔治·米勒 George Miller   汤姆·哈迪 Tom Hardy / 查理兹·塞...,“多么美好的一天！”轰轰轰砰咚，啪哒哒哒轰隆隆，磅~,https://movie.douban.com/subject/3592854/,2015,120分钟,动作 / 科幻 / 冒险,0.0,C:\Users\项玉婷\Desktop\douban-movie-crawler-250\posters\208_疯狂的麦克斯4：狂暴之路.jpg,2026-05-13 14:52:20
209,209,可可西里,,8.9,348588,陆川 Chuan Lu   主演: 多布杰 Duobujie / 张磊 Lei Zhang / 亓亮 Qi L...,导演: 陆川 Chuan Lu   多布杰 Duobujie / 张磊 Lei Zhang / 亓亮 Qi L...,坚硬的信仰。,https://movie.douban.com/subject/1308857/,2004,85分钟(中国大陆),剧情 / 犯罪,0.0,C:\Users\项玉婷\Desktop\douban-movie-crawler-250\posters\209_可可西里.jpg,2026-05-13 14:52:20
210,210,你看起来好像很好吃,おまえうまそうだな,8.9,377986,藤森雅也 Masaya Fujimori   主演: 山口胜平 Kappei Yamaguchi / 爱河...,导演: 藤森雅也 Masaya Fujimori   山口胜平 Kappei Yamaguchi / 爱河...,感情不分食草或者食肉。,https://movie.douban.com/subject/4848115/,2010,90分钟,剧情 / 动画 / 儿童,0.0,C:\Users\项玉婷\Desktop\douban-movie-crawler-250\posters\210_你看起来好像很好吃.jpg,2026-05-13 14:52:20
211,211,贫民窟的百万富翁,Slumdog Millionaire,8.6,809671,丹尼·鲍尔 Danny Boyle / 洛芙琳·坦丹 Loveleen Tandan   主演: 戴夫...,导演: 丹尼·鲍尔 Danny Boyle / 洛芙琳·坦丹 Loveleen Tandan   戴夫...,上帝之城+猜火车+阿甘正传+开心辞典=山寨富翁,https://movie.douban.com/subject/2209573/,2009,120分钟,剧情 / 爱情,0.0,C:\Users\项玉婷\Desktop\douban-movie-crawler-250\posters\211_贫民窟的百万富翁.jpg,2026-05-13 14:52:20
212,212,波西米亚狂想曲,Bohemian Rhapsody,8.6,694875,布莱恩·辛格 Bryan Singer   主演: 拉米·马雷克 Rami Malek / 本·哈...,导演: 布莱恩·辛格 Bryan Singer   拉米·马雷克 Rami Malek / 本·哈...,,https://movie.douban.com/subject/5300054/,2019,135分钟,剧情 / 同性 / 音乐 / 传记,0.0,C:\Users\项玉婷\Desktop\douban-movie-crawler-250\posters\212_波西米亚狂想曲.jpg,2026-05-13 14:52:20
213,213,城市之光,City Lights,9.3,174346,查理·卓别林 Charles Chaplin   主演: 查理·卓别林 Charles Chaplin ...,导演: 查理·卓别林 Charles Chaplin   查理·卓别林 Charles Chaplin ...,,https://movie.douban.com/subject/1293908/,1931,87分钟,剧情 / 喜剧 / 爱情,0.0,C:\Users\项玉婷\Desktop\douban-movie-crawler-250\posters\213_城市之光.jpg,2026-05-13 14:52:20
214,214,爆裂鼓手,Whiplash,8.6,695625,达米恩·查泽雷 Damien Chazelle   主演: 迈尔斯·特勒 Miles Teller /...,导演: 达米恩·查泽雷 Damien Chazelle   迈尔斯·特勒 Miles Teller /...,这个世界从不善待努力的人，努力了也不一定会成功，但是知道自己在努力，就是活下去的动力。,https://movie.douban.com/subject/25773932/,2024,107分钟,剧情 / 音乐,0.0,C:\Users\项玉婷\Desktop\douban-movie-crawler-250\posters\214_爆裂鼓手.jpg,2026-05-13 14:52:20
215,215,青蛇,,8.6,604189,徐克 Hark Tsui   主演: 张曼玉 Maggie Cheung / 王祖贤 Joey Wang / ...,导演: 徐克 Hark Tsui   张曼玉 Maggie Cheung / 王祖贤 Joey Wang / ...,,https://movie.douban.com/subject/1303394/,2025,99分钟,剧情 / 爱情 / 奇幻 / 古装,0.0,C:\Users\项玉婷\Desktop\douban-movie-crawler-250\posters\215_青蛇.jpg,2026-05-13 14:52:20
216,216,哈利·波特与死亡圣器(上),Harry Potter and the Deathly Hallows: Part 1,8.6,700824,大卫·叶茨 David Yates   主演: 丹尼尔·雷德克里夫 Daniel Radcliffe...,导演: 大卫·叶茨 David Yates   丹尼尔·雷德克里夫 Daniel Radcliffe...,最忠于原著的一部。,https://movie.douban.com/subject/2051007/,2010,146分钟,奇幻 / 冒险,0.0,C:\Users\项玉婷\Desktop\douban-movie-crawler-250\posters\216_哈利·波特与死亡圣器(上).jpg,2026-05-13 14:52:20
217,217,无耻混蛋,Inglourious Basterds,8.7,567032,昆汀·塔伦蒂诺 Quentin Tarantino   主演: 布拉德·皮特 Brad Pitt / ...,导演: 昆汀·塔伦蒂诺 Quentin Tarantino   布拉德·皮特 Brad Pitt / ...,昆汀同学越来越变态了，比北野武还杜琪峰。,https://movie.douban.com/subject/1438652/,2009,153分钟,剧情 / 犯罪,0.0,C:\Users\项玉婷\Desktop\douban-movie-crawler-250\posters\217_无耻混蛋.jpg,2026-05-13 14:52:20
218,218,东邪西毒,東邪西毒,8.6,638081,王家卫 Kar Wai Wong   主演: 张国荣 Leslie Cheung / 林青霞 Brigitte...,导演: 王家卫 Kar Wai Wong   张国荣 Leslie Cheung / 林青霞 Brigitte...,,https://movie.douban.com/subject/1292328/,1994,98分钟,剧情 / 动作 / 爱情 / 武侠 / 古装,0.0,C:\Users\项玉婷\Desktop\douban-movie-crawler-250\posters\218_东邪西毒.jpg,2026-05-13 14:52:20
219,219,大红灯笼高高挂,,8.8,376689,张艺谋 Yimou Zhang   主演: 巩俐 Li Gong / 马精武 Jingwu Ma / 何赛...,导演: 张艺谋 Yimou Zhang   巩俐 Li Gong / 马精武 Jingwu Ma / 何赛...,,https://movie.douban.com/subject/1293323/,1991,125 分钟,剧情,0.0,C:\Users\项玉婷\Desktop\douban-movie-crawler-250\posters\219_大红灯笼高高挂.jpg,2026-05-13 14:52:20
220,220,终结者2：审判日,Terminator 2: Judgment Day,8.8,388610,詹姆斯·卡梅隆 James Cameron   主演: 阿诺·施瓦辛格 Arnold Schwarz...,导演: 詹姆斯·卡梅隆 James Cameron   阿诺·施瓦辛格 Arnold Schwarz...,,https://movie.douban.com/subject/1291844/,1991,137分钟,动作 / 科幻,0.0,C:\Users\项玉婷\Desktop\douban-movie-crawler-250\posters\220_终结者2：审判日.jpg,2026-05-13 14:52:20
221,221,黑天鹅,Black Swan,8.6,850614,达伦·阿罗诺夫斯基 Darren Aronofsky   主演: 娜塔莉·波特曼 Natalie...,导演: 达伦·阿罗诺夫斯基 Darren Aronofsky   娜塔莉·波特曼 Natalie...,黑暗之美。,https://movie.douban.com/subject/1978709/,2010,108分钟,剧情 / 惊悚,0.0,C:\Users\项玉婷\Desktop\douban-movie-crawler-250\posters\221_黑天鹅.jpg,2026-05-13 14:52:20
222,222,新龙门客栈,新龍門客棧,8.7,513364,李惠民 Raymond Lee   主演: 张曼玉 Maggie Cheung / 林青霞 Brigitte ...,导演: 李惠民 Raymond Lee   张曼玉 Maggie Cheung / 林青霞 Brigitte ...,,https://movie.douban.com/subject/1292287/,2012,103分钟,动作 / 爱情 / 武侠 / 古装,0.0,C:\Users\项玉婷\Desktop\douban-movie-crawler-250\posters\222_新龙门客栈.jpg,2026-05-13 14:52:20
223,223,初恋这件小事,สิ่งเล็กเล็กที่เรียกว่า...รัก,8.5,1055608,普特鹏·普罗萨卡·那·萨克那卡林 Puttipong Promsaka Na Sakolnakorn / 华森·波克彭...,,黑小鸭速效美白记。,https://movie.douban.com/subject/4739952/,2012,118分钟(泰国),剧情 / 喜剧 / 爱情,0.0,C:\Users\项玉婷\Desktop\douban-movie-crawler-250\posters\223_初恋这件小事.jpg,2026-05-13 14:52:20
224,224,千钧一发,Gattaca,8.8,353845,安德鲁·尼科尔 Andrew Niccol   主演: 伊桑·霍克 Ethan Hawke / 乌玛...,导演: 安德鲁·尼科尔 Andrew Niccol   伊桑·霍克 Ethan Hawke / 乌玛...,,https://movie.douban.com/subject/1300117/,1997,106分钟,剧情 / 科幻 / 惊悚,0.0,C:\Users\项玉婷\Desktop\douban-movie-crawler-250\posters\224_千钧一发.jpg,2026-05-13 14:52:20
225,225,人工智能,A.I. Artificial Intelligence,8.7,505875,史蒂文·斯皮尔伯格 Steven Spielberg   主演: 海利·乔·奥斯蒙 Haley...,导演: 史蒂文·斯皮尔伯格 Steven Spielberg   海利·乔·奥斯蒙 Haley...,,https://movie.douban.com/subject/1302827/,2001,146分钟,剧情 / 科幻,0.0,C:\Users\项玉婷\Desktop\douban-movie-crawler-250\posters\225_人工智能.jpg,2026-05-13 14:52:20
226,226,崖上的波妞,崖の上のポニョ,8.6,579134,宫崎骏 Hayao Miyazaki   主演: 奈良柚莉爱 Yuria Nara / 土井洋辉 Hir...,导演: 宫崎骏 Hayao Miyazaki   奈良柚莉爱 Yuria Nara / 土井洋辉 Hir...,,https://movie.douban.com/subject/1959877/,2020,101分钟,动画 / 奇幻 / 冒险,0.0,C:\Users\项玉婷\Desktop\douban-movie-crawler-250\posters\226_崖上的波妞.jpg,2026-05-13 14:52:20
227,227,雨人,Rain Man,8.7,445131,巴瑞·莱文森 Barry Levinson   主演: 达斯汀·霍夫曼 Dustin Hoffman ...,导演: 巴瑞·莱文森 Barry Levinson   达斯汀·霍夫曼 Dustin Hoffman ...,,https://movie.douban.com/subject/1291870/,1988,133分钟,剧情,0.0,C:\Users\项玉婷\Desktop\douban-movie-crawler-250\posters\227_雨人.jpg,2026-05-13 14:52:20
228,228,虎口脱险,La grande vadrouille,8.9,298266,杰拉尔·乌里 Gérard Oury   主演: 路易·德·菲耐斯 Louis de Funès...,导演: 杰拉尔·乌里 Gérard Oury   路易·德·菲耐斯 Louis de Funès...,,https://movie.douban.com/subject/1296909/,1966,119分钟,喜剧 / 战争,0.0,C:\Users\项玉婷\Desktop\douban-movie-crawler-250\posters\228_虎口脱险.jpg,2026-05-13 14:52:20
229,229,哈利·波特与凤凰社,Harry Potter and the Order of the Phoenix,8.6,700793,大卫·叶茨 David Yates   主演: 丹尼尔·雷德克里夫 Daniel Radcliffe...,导演: 大卫·叶茨 David Yates   丹尼尔·雷德克里夫 Daniel Radcliffe...,,https://movie.douban.com/subject/1457217/,2007,138分钟,奇幻 / 冒险,0.0,C:\Users\项玉婷\Desktop\douban-movie-crawler-250\posters\229_哈利·波特与凤凰社.jpg,2026-05-13 14:52:20
230,230,彗星来的那一夜,Coherence,8.6,690548,詹姆斯·沃德·布柯特 James Ward Byrkit   主演: 艾米丽·芭尔多尼 Em...,导演: 詹姆斯·沃德·布柯特 James Ward Byrkit   艾米丽·芭尔多尼 Em...,小成本大魅力。,https://movie.douban.com/subject/25807345/,2013,89分钟,科幻 / 悬疑 / 惊悚,0.0,C:\Users\项玉婷\Desktop\douban-movie-crawler-250\posters\230_彗星来的那一夜.jpg,2026-05-13 14:52:20
231,231,罗生门,羅生門,8.8,360693,黑泽明 Akira Kurosawa   主演: 三船敏郎 Toshirô Mifune / 京町子 ...,导演: 黑泽明 Akira Kurosawa   三船敏郎 Toshirô Mifune / 京町子 ...,,https://movie.douban.com/subject/1291879/,1950,88分钟,剧情 / 悬疑 / 犯罪,0.0,C:\Users\项玉婷\Desktop\douban-movie-crawler-250\posters\231_罗生门.jpg,2026-05-13 14:52:20
232,232,海边的曼彻斯特,Manchester by the Sea,8.6,658164,肯尼斯·罗纳根 Kenneth Lonergan   主演: 卡西·阿弗莱克 Casey Affle...,导演: 肯尼斯·罗纳根 Kenneth Lonergan   卡西·阿弗莱克 Casey Affle...,我们都有权利不与自己的过去和解。,https://movie.douban.com/subject/25980443/,2017,137分钟,剧情 / 家庭,0.0,C:\Users\项玉婷\Desktop\douban-movie-crawler-250\posters\232_海边的曼彻斯特.jpg,2026-05-13 14:52:20
233,233,恋恋笔记本,The Notebook,8.5,753852,尼克·卡索维茨 Nick Cassavetes   主演: 瑞恩·高斯林 Ryan Gosling /...,导演: 尼克·卡索维茨 Nick Cassavetes   瑞恩·高斯林 Ryan Gosling /...,爱情没有那么多借口，如果不能圆满，只能说明爱的不够。,https://movie.douban.com/subject/1309163/,2004,123分钟,剧情 / 爱情,0.0,C:\Users\项玉婷\Desktop\douban-movie-crawler-250\posters\233_恋恋笔记本.jpg,2026-05-13 14:52:20
234,234,火星救援,The Martian,8.5,843324,雷德利·斯科特 Ridley Scott   主演: 马特·达蒙 Matt Damon / 杰西卡...,导演: 雷德利·斯科特 Ridley Scott   马特·达蒙 Matt Damon / 杰西卡...,,https://movie.douban.com/subject/25864085/,2015,142分钟,剧情 / 科幻 / 冒险,0.0,C:\Users\项玉婷\Desktop\douban-movie-crawler-250\posters\234_火星救援.jpg,2026-05-13 14:52:20
235,235,真爱至上,Love Actually,8.5,811360,理查德·柯蒂斯 Richard Curtis   主演: 休·格兰特 Hugh Grant / 连姆...,导演: 理查德·柯蒂斯 Richard Curtis   休·格兰特 Hugh Grant / 连姆...,,https://movie.douban.com/subject/1292401/,2003,135分钟,剧情 / 喜剧 / 爱情,0.0,C:\Users\项玉婷\Desktop\douban-movie-crawler-250\posters\235_真爱至上.jpg,2026-05-13 14:52:20
236,236,黑客帝国2：重装上阵,The Matrix Reloaded,8.7,458344,拉娜·沃卓斯基 Lana Wachowski / 莉莉·沃卓斯基 Lilly Wachowski   ...,,,https://movie.douban.com/subject/1304141/,2003,138分钟,动作 / 科幻,0.0,C:\Users\项玉婷\Desktop\douban-movie-crawler-250\posters\236_黑客帝国2：重装上阵.jpg,2026-05-13 14:52:20
237,237,冰雪奇缘,Frozen,8.5,837298,克里斯·巴克 Chris Buck / 珍妮弗·李 Jennifer Lee   主演: 克里斯汀...,导演: 克里斯·巴克 Chris Buck / 珍妮弗·李 Jennifer Lee   克里斯汀...,,https://movie.douban.com/subject/4202982/,2014,102分钟,喜剧 / 动画 / 歌舞 / 奇幻,0.0,C:\Users\项玉婷\Desktop\douban-movie-crawler-250\posters\237_冰雪奇缘.jpg,2026-05-13 14:52:20
238,238,步履不停,歩いても 歩いても,8.8,330441,是枝裕和 Hirokazu Koreeda   主演: 阿部宽 Hiroshi Abe / 夏川结衣 Yu...,导演: 是枝裕和 Hirokazu Koreeda   阿部宽 Hiroshi Abe / 夏川结衣 Yu...,日本的家庭电影已经是世界巅峰了，步履不停是巅峰中的佳作。,https://movie.douban.com/subject/2222996/,2008,115分钟,剧情 / 家庭,0.0,C:\Users\项玉婷\Desktop\douban-movie-crawler-250\posters\238_步履不停.jpg,2026-05-13 14:52:20
239,239,奇迹男孩,Wonder,8.6,603263,斯蒂芬·卓博斯基 Stephen Chbosky   主演: 雅各布·特伦布莱 Jacob Tr...,导演: 斯蒂芬·卓博斯基 Stephen Chbosky   雅各布·特伦布莱 Jacob Tr...,世界不完美，爱会有奇迹。,https://movie.douban.com/subject/26787574/,2018,113分钟,剧情 / 家庭 / 儿童,0.0,C:\Users\项玉婷\Desktop\douban-movie-crawler-250\posters\239_奇迹男孩.jpg,2026-05-13 14:52:20
240,240,千年女优,千年女優,8.8,320343,今敏 Satoshi Kon   主演: 庄司美代子 Miyoko Shôji / 小山茉美 Mam...,导演: 今敏 Satoshi Kon   庄司美代子 Miyoko Shôji / 小山茉美 Mam...,,https://movie.douban.com/subject/1307394/,2001,87 分钟,剧情 / 爱情 / 动画,0.0,C:\Users\项玉婷\Desktop\douban-movie-crawler-250\posters\240_千年女优.jpg,2026-05-13 14:52:20
241,241,谍影重重2,The Bourne Supremacy,8.7,402434,保罗·格林格拉斯 Paul Greengrass   主演: 马特·达蒙 Matt Damon / ...,导演: 保罗·格林格拉斯 Paul Greengrass   马特·达蒙 Matt Damon / ...,谁说王家卫镜头很晃？,https://movie.douban.com/subject/1308767/,2004,108分钟,动作 / 悬疑 / 惊悚,0.0,C:\Users\项玉婷\Desktop\douban-movie-crawler-250\posters\241_谍影重重2.jpg,2026-05-13 14:52:20
242,242,战争之王,Lord of War,8.7,417987,安德鲁·尼科尔 Andrew Niccol   主演: 尼古拉斯·凯奇 Nicolas Cage /...,导演: 安德鲁·尼科尔 Andrew Niccol   尼古拉斯·凯奇 Nicolas Cage /...,做一颗让别人需要你的棋子。,https://movie.douban.com/subject/1419936/,2005,122 分钟,剧情 / 犯罪,0.0,C:\Users\项玉婷\Desktop\douban-movie-crawler-250\posters\242_战争之王.jpg,2026-05-13 14:52:20
243,243,蜘蛛侠：平行宇宙,Spider-Man: Into the Spider-Verse,8.6,761451,鲍勃·佩尔西凯蒂 Bob Persichetti / 彼得·拉姆齐 Peter Ramsey   主...,,,https://movie.douban.com/subject/26374197/,2018,116分钟(中国大陆),动作 / 科幻 / 动画 / 冒险,8.8,C:\Users\项玉婷\Desktop\douban-movie-crawler-250\posters\243_蜘蛛侠：平行宇宙.jpg,2026-05-13 14:52:20
244,244,攻壳机动队,攻殻機動隊,9.0,220429,押井守 Mamoru Oshii   主演: 田中敦子 Atsuko Tanaka / 大冢明夫 Akio...,导演: 押井守 Mamoru Oshii   田中敦子 Atsuko Tanaka / 大冢明夫 Akio...,,https://movie.douban.com/subject/1291936/,2025,83分钟,动作 / 科幻 / 动画,0.0,C:\Users\项玉婷\Desktop\douban-movie-crawler-250\posters\244_攻壳机动队.jpg,2026-05-13 14:52:20
245,245,血钻,Blood Diamond,8.7,424087,爱德华·兹威克 Edward Zwick   主演: 莱昂纳多·迪卡普里奥 Leonardo ...,导演: 爱德华·兹威克 Edward Zwick   莱昂纳多·迪卡普里奥 Leonardo ...,每个美丽事物背后都是滴血的现实。,https://movie.douban.com/subject/1428175/,2006,143分钟,剧情 / 惊悚 / 冒险,0.0,C:\Users\项玉婷\Desktop\douban-movie-crawler-250\posters\245_血钻.jpg,2026-05-13 14:52:20
246,246,小姐,아가씨,8.5,582161,朴赞郁 Chan-wook Park   主演: 金敏喜 Min-hee Kim / 金泰梨 Tae-ri K...,导演: 朴赞郁 Chan-wook Park   金敏喜 Min-hee Kim / 金泰梨 Tae-ri K...,,https://movie.douban.com/subject/25977027/,2016,145分钟,剧情 / 悬疑 / 情色 / 同性,0.0,C:\Users\项玉婷\Desktop\douban-movie-crawler-250\posters\246_小姐.jpg,2026-05-13 14:52:20
247,247,隐藏人物,Hidden Figures,8.9,275489,特奥多尔·梅尔菲 Theodore Melfi   主演: 塔拉吉·P·汉森 Taraji P. ...,导演: 特奥多尔·梅尔菲 Theodore Melfi   塔拉吉·P·汉森 Taraji P. ...,,https://movie.douban.com/subject/26615208/,2016,127分钟,剧情 / 传记 / 历史,0.0,C:\Users\项玉婷\Desktop\douban-movie-crawler-250\posters\247_隐藏人物.jpg,2026-05-13 14:52:20
248,248,血观音,血觀音,8.6,569745,杨雅喆 Ya-che Yang   主演: 惠英红 Kara Wai Ying Hung / 吴可熙 Wu K...,导演: 杨雅喆 Ya-che Yang   惠英红 Kara Wai Ying Hung / 吴可熙 Wu K...,,https://movie.douban.com/subject/27113517/,2017,112分钟,剧情 / 悬疑,0.0,C:\Users\项玉婷\Desktop\douban-movie-crawler-250\posters\248_血观音.jpg,2026-05-13 14:52:20
249,249,魂断蓝桥,Waterloo Bridge,8.8,312358,茂文·勒鲁瓦 Mervyn LeRoy   主演: 费雯·丽 Vivien Leigh / 罗伯特·...,导演: 茂文·勒鲁瓦 Mervyn LeRoy   费雯·丽 Vivien Leigh / 罗伯特·...,,https://movie.douban.com/subject/1293964/,1940,108分钟,剧情 / 爱情 / 战争,0.0,C:\Users\项玉婷\Desktop\douban-movie-crawler-250\posters\249_魂断蓝桥.jpg,2026-05-13 14:52:20
250,250,房间,Room,8.7,401734,伦尼·阿伯拉罕森 Lenny Abrahamson   主演: 布丽·拉尔森 Brie Larson...,导演: 伦尼·阿伯拉罕森 Lenny Abrahamson   布丽·拉尔森 Brie Larson...,被偷走的岁月，被伤害的生命，被禁锢的灵魂，终将被希望和善意救赎。,https://movie.douban.com/subject/25724855/,2015,118分钟,剧情 / 家庭,0.0,C:\Users\项玉婷\Desktop\douban-movie-crawler-250\posters\250_房间.jpg,2026-05-13 14:52:20
